INSERT INTO float_actual(key, fix, value) VALUES(1, NOW() + interval '5 millisecond', 44.98);
INSERT INTO float_actual(key, fix, value) VALUES(2, NOW() + interval '6 millisecond', 98.79);
INSERT INTO float_actual(key, fix, value) VALUES(3, NOW() + interval '18 millisecond', 5.6);
INSERT INTO float_actual(key, fix, value) VALUES(4, NOW() + interval '48 millisecond', 46.64);
INSERT INTO float_actual(key, fix, value) VALUES(5, NOW() + interval '50 millisecond', 102.19);
INSERT INTO float_actual(key, fix, value) VALUES(6, NOW() + interval '60 millisecond', 29.11);
INSERT INTO float_actual(key, fix, value) VALUES(7, NOW() + interval '91 millisecond', 139.4);
INSERT INTO float_actual(key, fix, value) VALUES(8, NOW() + interval '72 millisecond', 3.68);
INSERT INTO float_actual(key, fix, value) VALUES(9, NOW() + interval '99 millisecond', 70.03);
INSERT INTO float_actual(key, fix, value) VALUES(10, NOW() + interval '80 millisecond', 71.99);
INSERT INTO float_actual(key, fix, value) VALUES(11, NOW() + interval '55 millisecond', 80.41);
INSERT INTO float_actual(key, fix, value) VALUES(12, NOW() + interval '96 millisecond', 8.97);
INSERT INTO float_actual(key, fix, value) VALUES(13, NOW() + interval '65 millisecond', 33);
INSERT INTO float_actual(key, fix, value) VALUES(14, NOW() + interval '98 millisecond', 124.45);
INSERT INTO float_actual(key, fix, value) VALUES(15, NOW() + interval '30 millisecond', 2.71);
INSERT INTO float_actual(key, fix, value) VALUES(16, NOW() + interval '96 millisecond', 129.66);
INSERT INTO float_actual(key, fix, value) VALUES(17, NOW() + interval '34 millisecond', 140.3);
INSERT INTO float_actual(key, fix, value) VALUES(18, NOW() + interval '198 millisecond', 48.46);
INSERT INTO float_actual(key, fix, value) VALUES(19, NOW() + interval '209 millisecond', 7.04);
INSERT INTO float_actual(key, fix, value) VALUES(20, NOW() + interval '100 millisecond', 87.78);
INSERT INTO float_actual(key, fix, value) VALUES(21, NOW() + interval '147 millisecond', 90.01);
INSERT INTO float_actual(key, fix, value) VALUES(22, NOW() + interval '44 millisecond', 132.42);
INSERT INTO float_actual(key, fix, value) VALUES(23, NOW() + interval '138 millisecond', 76.71);
INSERT INTO float_actual(key, fix, value) VALUES(24, NOW() + interval '336 millisecond', 33.72);
INSERT INTO float_actual(key, fix, value) VALUES(25, NOW() + interval '50 millisecond', 101.58);
INSERT INTO float_actual(key, fix, value) VALUES(26, NOW() + interval '130 millisecond', 88.16);
INSERT INTO float_actual(key, fix, value) VALUES(27, NOW() + interval '135 millisecond', 33.98);
INSERT INTO float_actual(key, fix, value) VALUES(28, NOW() + interval '364 millisecond', 107.29);
INSERT INTO float_actual(key, fix, value) VALUES(29, NOW() + interval '348 millisecond', 10.7);
INSERT INTO float_actual(key, fix, value) VALUES(30, NOW() + interval '180 millisecond', 19.49);
INSERT INTO float_actual(key, fix, value) VALUES(31, NOW() + interval '279 millisecond', 140.39);
INSERT INTO float_actual(key, fix, value) VALUES(32, NOW() + interval '128 millisecond', 101.38);
INSERT INTO float_actual(key, fix, value) VALUES(33, NOW() + interval '198 millisecond', 113.81);
INSERT INTO float_actual(key, fix, value) VALUES(34, NOW() + interval '102 millisecond', 132.39);
INSERT INTO float_actual(key, fix, value) VALUES(35, NOW() + interval '140 millisecond', 41.5);
INSERT INTO float_actual(key, fix, value) VALUES(36, NOW() + interval '180 millisecond', 100.78);
INSERT INTO float_actual(key, fix, value) VALUES(37, NOW() + interval '148 millisecond', 132.98);
INSERT INTO float_actual(key, fix, value) VALUES(38, NOW() + interval '76 millisecond', 101.6);
INSERT INTO float_actual(key, fix, value) VALUES(39, NOW() + interval '312 millisecond', 87.69);
INSERT INTO float_actual(key, fix, value) VALUES(40, NOW() + interval '400 millisecond', 109.54);
INSERT INTO float_actual(key, fix, value) VALUES(41, NOW() + interval '164 millisecond', 35.69);
INSERT INTO float_actual(key, fix, value) VALUES(42, NOW() + interval '504 millisecond', 56.37);
INSERT INTO float_actual(key, fix, value) VALUES(43, NOW() + interval '430 millisecond', 110.17);
INSERT INTO float_actual(key, fix, value) VALUES(44, NOW() + interval '396 millisecond', 115.96);
INSERT INTO float_actual(key, fix, value) VALUES(45, NOW() + interval '90 millisecond', 1.89);
INSERT INTO float_actual(key, fix, value) VALUES(46, NOW() + interval '368 millisecond', 94.9);
INSERT INTO float_actual(key, fix, value) VALUES(47, NOW() + interval '470 millisecond', 21.86);
INSERT INTO float_actual(key, fix, value) VALUES(48, NOW() + interval '96 millisecond', 68.16);
INSERT INTO float_actual(key, fix, value) VALUES(49, NOW() + interval '294 millisecond', 54.48);
INSERT INTO float_actual(key, fix, value) VALUES(50, NOW() + interval '450 millisecond', 84.73);
INSERT INTO float_actual(key, fix, value) VALUES(51, NOW() + interval '306 millisecond', 11.28);
INSERT INTO float_actual(key, fix, value) VALUES(52, NOW() + interval '52 millisecond', 112.93);
INSERT INTO float_actual(key, fix, value) VALUES(53, NOW() + interval '318 millisecond', 89.97);
INSERT INTO float_actual(key, fix, value) VALUES(54, NOW() + interval '324 millisecond', 60.08);
INSERT INTO float_actual(key, fix, value) VALUES(55, NOW() + interval '165 millisecond', 30.69);
INSERT INTO float_actual(key, fix, value) VALUES(56, NOW() + interval '280 millisecond', 29.09);
INSERT INTO float_actual(key, fix, value) VALUES(57, NOW() + interval '342 millisecond', 94.91);
INSERT INTO float_actual(key, fix, value) VALUES(58, NOW() + interval '754 millisecond', 48.26);
INSERT INTO float_actual(key, fix, value) VALUES(59, NOW() + interval '177 millisecond', 124.21);
INSERT INTO float_actual(key, fix, value) VALUES(60, NOW() + interval '840 millisecond', 85.59);
INSERT INTO float_actual(key, fix, value) VALUES(61, NOW() + interval '244 millisecond', 55.11);
INSERT INTO float_actual(key, fix, value) VALUES(62, NOW() + interval '744 millisecond', 31.96);
INSERT INTO float_actual(key, fix, value) VALUES(63, NOW() + interval '693 millisecond', 95.07);
INSERT INTO float_actual(key, fix, value) VALUES(64, NOW() + interval '128 millisecond', 10.47);
INSERT INTO float_actual(key, fix, value) VALUES(65, NOW() + interval '845 millisecond', 87.18);
INSERT INTO float_actual(key, fix, value) VALUES(66, NOW() + interval '330 millisecond', 17.84);
INSERT INTO float_actual(key, fix, value) VALUES(67, NOW() + interval '134 millisecond', 17.6);
INSERT INTO float_actual(key, fix, value) VALUES(68, NOW() + interval '408 millisecond', 25.82);
INSERT INTO float_actual(key, fix, value) VALUES(69, NOW() + interval '276 millisecond', 4.87);
INSERT INTO float_actual(key, fix, value) VALUES(70, NOW() + interval '980 millisecond', 13.89);
INSERT INTO float_actual(key, fix, value) VALUES(71, NOW() + interval '426 millisecond', 24.29);
INSERT INTO float_actual(key, fix, value) VALUES(72, NOW() + interval '648 millisecond', 125.09);
INSERT INTO float_actual(key, fix, value) VALUES(73, NOW() + interval '803 millisecond', 50.38);
INSERT INTO float_actual(key, fix, value) VALUES(74, NOW() + interval '370 millisecond', 143.72);
INSERT INTO float_actual(key, fix, value) VALUES(75, NOW() + interval '375 millisecond', 103.33);
INSERT INTO float_actual(key, fix, value) VALUES(76, NOW() + interval '380 millisecond', 77.11);
INSERT INTO float_actual(key, fix, value) VALUES(77, NOW() + interval '462 millisecond', 142.98);
INSERT INTO float_actual(key, fix, value) VALUES(78, NOW() + interval '468 millisecond', 142.43);
INSERT INTO float_actual(key, fix, value) VALUES(79, NOW() + interval '316 millisecond', 115.68);
INSERT INTO float_actual(key, fix, value) VALUES(80, NOW() + interval '160 millisecond', 108.43);
INSERT INTO float_actual(key, fix, value) VALUES(81, NOW() + interval '729 millisecond', 49.02);
INSERT INTO float_actual(key, fix, value) VALUES(82, NOW() + interval '656 millisecond', 83.35);
INSERT INTO float_actual(key, fix, value) VALUES(83, NOW() + interval '1079 millisecond', 20.77);
INSERT INTO float_actual(key, fix, value) VALUES(84, NOW() + interval '252 millisecond', 38.55);
INSERT INTO float_actual(key, fix, value) VALUES(85, NOW() + interval '425 millisecond', 104.35);
INSERT INTO float_actual(key, fix, value) VALUES(86, NOW() + interval '172 millisecond', 21.38);
INSERT INTO float_actual(key, fix, value) VALUES(87, NOW() + interval '1131 millisecond', 131.41);
INSERT INTO float_actual(key, fix, value) VALUES(88, NOW() + interval '352 millisecond', 8.8);
INSERT INTO float_actual(key, fix, value) VALUES(89, NOW() + interval '979 millisecond', 143.43);
INSERT INTO float_actual(key, fix, value) VALUES(90, NOW() + interval '630 millisecond', 59.44);
INSERT INTO float_actual(key, fix, value) VALUES(91, NOW() + interval '546 millisecond', 10.34);
INSERT INTO float_actual(key, fix, value) VALUES(92, NOW() + interval '1104 millisecond', 25.82);
INSERT INTO float_actual(key, fix, value) VALUES(93, NOW() + interval '465 millisecond', 115.06);
INSERT INTO float_actual(key, fix, value) VALUES(94, NOW() + interval '1034 millisecond', 8.05);
INSERT INTO float_actual(key, fix, value) VALUES(95, NOW() + interval '1045 millisecond', 61.47);
INSERT INTO float_actual(key, fix, value) VALUES(96, NOW() + interval '1344 millisecond', 64.27);
INSERT INTO float_actual(key, fix, value) VALUES(97, NOW() + interval '1358 millisecond', 36.33);
INSERT INTO float_actual(key, fix, value) VALUES(98, NOW() + interval '784 millisecond', 5.31);
INSERT INTO float_actual(key, fix, value) VALUES(99, NOW() + interval '891 millisecond', 9.85);
INSERT INTO float_actual(key, fix, value) VALUES(100, NOW() + interval '1400 millisecond', 90.28);
INSERT INTO float_actual(key, fix, value) VALUES(101, NOW() + interval '404 millisecond', 3.85);
INSERT INTO float_actual(key, fix, value) VALUES(102, NOW() + interval '1122 millisecond', 79.25);
INSERT INTO float_actual(key, fix, value) VALUES(103, NOW() + interval '927 millisecond', 24.18);
INSERT INTO float_actual(key, fix, value) VALUES(104, NOW() + interval '1040 millisecond', 69.67);
INSERT INTO float_actual(key, fix, value) VALUES(105, NOW() + interval '1155 millisecond', 46.48);
INSERT INTO float_actual(key, fix, value) VALUES(106, NOW() + interval '424 millisecond', 35.37);
INSERT INTO float_actual(key, fix, value) VALUES(107, NOW() + interval '642 millisecond', 91.45);
INSERT INTO float_actual(key, fix, value) VALUES(108, NOW() + interval '648 millisecond', 73.35);
INSERT INTO float_actual(key, fix, value) VALUES(109, NOW() + interval '872 millisecond', 52.87);
INSERT INTO float_actual(key, fix, value) VALUES(110, NOW() + interval '550 millisecond', 15.35);
INSERT INTO float_actual(key, fix, value) VALUES(111, NOW() + interval '666 millisecond', 17.79);
INSERT INTO float_actual(key, fix, value) VALUES(112, NOW() + interval '896 millisecond', 121.43);
INSERT INTO float_actual(key, fix, value) VALUES(113, NOW() + interval '1243 millisecond', 95.94);
INSERT INTO float_actual(key, fix, value) VALUES(114, NOW() + interval '342 millisecond', 90.89);
INSERT INTO float_actual(key, fix, value) VALUES(115, NOW() + interval '690 millisecond', 29.58);
INSERT INTO float_actual(key, fix, value) VALUES(116, NOW() + interval '812 millisecond', 99.82);
INSERT INTO float_actual(key, fix, value) VALUES(117, NOW() + interval '117 millisecond', 122.52);
INSERT INTO float_actual(key, fix, value) VALUES(118, NOW() + interval '472 millisecond', 52.47);
INSERT INTO float_actual(key, fix, value) VALUES(119, NOW() + interval '714 millisecond', 39.53);
INSERT INTO float_actual(key, fix, value) VALUES(120, NOW() + interval '1080 millisecond', 21.09);
INSERT INTO float_actual(key, fix, value) VALUES(121, NOW() + interval '363 millisecond', 38.99);
INSERT INTO float_actual(key, fix, value) VALUES(122, NOW() + interval '610 millisecond', 63.61);
INSERT INTO float_actual(key, fix, value) VALUES(123, NOW() + interval '492 millisecond', 103.56);
INSERT INTO float_actual(key, fix, value) VALUES(124, NOW() + interval '372 millisecond', 54.43);
INSERT INTO float_actual(key, fix, value) VALUES(125, NOW() + interval '1625 millisecond', 4.62);
INSERT INTO float_actual(key, fix, value) VALUES(126, NOW() + interval '1008 millisecond', 40.49);
INSERT INTO float_actual(key, fix, value) VALUES(127, NOW() + interval '1524 millisecond', 127.1);
INSERT INTO float_actual(key, fix, value) VALUES(128, NOW() + interval '512 millisecond', 10.39);
INSERT INTO float_actual(key, fix, value) VALUES(129, NOW() + interval '1032 millisecond', 131.28);
INSERT INTO float_actual(key, fix, value) VALUES(130, NOW() + interval '1430 millisecond', 139.08);
INSERT INTO float_actual(key, fix, value) VALUES(131, NOW() + interval '131 millisecond', 6.78);
INSERT INTO float_actual(key, fix, value) VALUES(132, NOW() + interval '264 millisecond', 82.14);
INSERT INTO float_actual(key, fix, value) VALUES(133, NOW() + interval '1729 millisecond', 80.7);
INSERT INTO float_actual(key, fix, value) VALUES(134, NOW() + interval '536 millisecond', 72.25);
INSERT INTO float_actual(key, fix, value) VALUES(135, NOW() + interval '810 millisecond', 3.29);
INSERT INTO float_actual(key, fix, value) VALUES(136, NOW() + interval '408 millisecond', 38.48);
INSERT INTO float_actual(key, fix, value) VALUES(137, NOW() + interval '1644 millisecond', 20.63);
INSERT INTO float_actual(key, fix, value) VALUES(138, NOW() + interval '1932 millisecond', 20.89);
INSERT INTO float_actual(key, fix, value) VALUES(139, NOW() + interval '1668 millisecond', 12.62);
INSERT INTO float_actual(key, fix, value) VALUES(140, NOW() + interval '1400 millisecond', 9.63);
INSERT INTO float_actual(key, fix, value) VALUES(141, NOW() + interval '1128 millisecond', 112.96);
INSERT INTO float_actual(key, fix, value) VALUES(142, NOW() + interval '1562 millisecond', 52.45);
INSERT INTO float_actual(key, fix, value) VALUES(143, NOW() + interval '1430 millisecond', 22.72);
INSERT INTO float_actual(key, fix, value) VALUES(144, NOW() + interval '1872 millisecond', 21.65);
INSERT INTO float_actual(key, fix, value) VALUES(145, NOW() + interval '1305 millisecond', 24.5);
INSERT INTO float_actual(key, fix, value) VALUES(146, NOW() + interval '1752 millisecond', 62.37);
INSERT INTO float_actual(key, fix, value) VALUES(147, NOW() + interval '1176 millisecond', 87.75);
INSERT INTO float_actual(key, fix, value) VALUES(148, NOW() + interval '444 millisecond', 14.26);
INSERT INTO float_actual(key, fix, value) VALUES(149, NOW() + interval '447 millisecond', 106.08);
INSERT INTO float_actual(key, fix, value) VALUES(150, NOW() + interval '1200 millisecond', 92.14);
INSERT INTO float_actual(key, fix, value) VALUES(151, NOW() + interval '1208 millisecond', 89.14);
INSERT INTO float_actual(key, fix, value) VALUES(152, NOW() + interval '2128 millisecond', 125.06);
INSERT INTO float_actual(key, fix, value) VALUES(153, NOW() + interval '1836 millisecond', 36.59);
INSERT INTO float_actual(key, fix, value) VALUES(154, NOW() + interval '1078 millisecond', 95.27);
INSERT INTO float_actual(key, fix, value) VALUES(155, NOW() + interval '2015 millisecond', 13.16);
INSERT INTO float_actual(key, fix, value) VALUES(156, NOW() + interval '624 millisecond', 62.78);
INSERT INTO float_actual(key, fix, value) VALUES(157, NOW() + interval '785 millisecond', 104.19);
INSERT INTO float_actual(key, fix, value) VALUES(158, NOW() + interval '948 millisecond', 35.71);
INSERT INTO float_actual(key, fix, value) VALUES(159, NOW() + interval '795 millisecond', 107.92);
INSERT INTO float_actual(key, fix, value) VALUES(160, NOW() + interval '2080 millisecond', 108.32);
INSERT INTO float_actual(key, fix, value) VALUES(161, NOW() + interval '1610 millisecond', 12.73);
INSERT INTO float_actual(key, fix, value) VALUES(162, NOW() + interval '2106 millisecond', 35.69);
INSERT INTO float_actual(key, fix, value) VALUES(163, NOW() + interval '489 millisecond', 109.23);
INSERT INTO float_actual(key, fix, value) VALUES(164, NOW() + interval '1804 millisecond', 30.19);
INSERT INTO float_actual(key, fix, value) VALUES(165, NOW() + interval '165 millisecond', 127.82);
INSERT INTO float_actual(key, fix, value) VALUES(166, NOW() + interval '2324 millisecond', 15.38);
INSERT INTO float_actual(key, fix, value) VALUES(167, NOW() + interval '1336 millisecond', 4.22);
INSERT INTO float_actual(key, fix, value) VALUES(168, NOW() + interval '1512 millisecond', 137.32);
INSERT INTO float_actual(key, fix, value) VALUES(169, NOW() + interval '2028 millisecond', 129.38);
INSERT INTO float_actual(key, fix, value) VALUES(170, NOW() + interval '1360 millisecond', 65.69);
INSERT INTO float_actual(key, fix, value) VALUES(171, NOW() + interval '1710 millisecond', 36.42);
INSERT INTO float_actual(key, fix, value) VALUES(172, NOW() + interval '688 millisecond', 78.96);
INSERT INTO float_actual(key, fix, value) VALUES(173, NOW() + interval '2249 millisecond', 62.06);
INSERT INTO float_actual(key, fix, value) VALUES(174, NOW() + interval '522 millisecond', 113.41);
INSERT INTO float_actual(key, fix, value) VALUES(175, NOW() + interval '700 millisecond', 128.6);
INSERT INTO float_actual(key, fix, value) VALUES(176, NOW() + interval '2112 millisecond', 62.6);
INSERT INTO float_actual(key, fix, value) VALUES(177, NOW() + interval '2124 millisecond', 116.15);
INSERT INTO float_actual(key, fix, value) VALUES(178, NOW() + interval '2492 millisecond', 60.08);
INSERT INTO float_actual(key, fix, value) VALUES(179, NOW() + interval '1969 millisecond', 106.32);
INSERT INTO float_actual(key, fix, value) VALUES(180, NOW() + interval '1800 millisecond', 15.69);
INSERT INTO float_actual(key, fix, value) VALUES(181, NOW() + interval '1448 millisecond', 40.13);
INSERT INTO float_actual(key, fix, value) VALUES(182, NOW() + interval '1820 millisecond', 4.97);
INSERT INTO float_actual(key, fix, value) VALUES(183, NOW() + interval '549 millisecond', 21.31);
INSERT INTO float_actual(key, fix, value) VALUES(184, NOW() + interval '2392 millisecond', 34.34);
INSERT INTO float_actual(key, fix, value) VALUES(185, NOW() + interval '555 millisecond', 67.21);
INSERT INTO float_actual(key, fix, value) VALUES(186, NOW() + interval '1302 millisecond', 58.98);
INSERT INTO float_actual(key, fix, value) VALUES(187, NOW() + interval '748 millisecond', 61.94);
INSERT INTO float_actual(key, fix, value) VALUES(188, NOW() + interval '376 millisecond', 60.36);
INSERT INTO float_actual(key, fix, value) VALUES(189, NOW() + interval '2268 millisecond', 48.95);
INSERT INTO float_actual(key, fix, value) VALUES(190, NOW() + interval '950 millisecond', 108.28);
INSERT INTO float_actual(key, fix, value) VALUES(191, NOW() + interval '1719 millisecond', 143.49);
INSERT INTO float_actual(key, fix, value) VALUES(192, NOW() + interval '192 millisecond', 19.61);
INSERT INTO float_actual(key, fix, value) VALUES(193, NOW() + interval '386 millisecond', 79.67);
INSERT INTO float_actual(key, fix, value) VALUES(194, NOW() + interval '776 millisecond', 108.02);
INSERT INTO float_actual(key, fix, value) VALUES(195, NOW() + interval '390 millisecond', 24.51);
INSERT INTO float_actual(key, fix, value) VALUES(196, NOW() + interval '784 millisecond', 12.41);
INSERT INTO float_actual(key, fix, value) VALUES(197, NOW() + interval '788 millisecond', 59.61);
INSERT INTO float_actual(key, fix, value) VALUES(198, NOW() + interval '2772 millisecond', 60.03);
INSERT INTO float_actual(key, fix, value) VALUES(199, NOW() + interval '1791 millisecond', 31.66);
INSERT INTO float_actual(key, fix, value) VALUES(200, NOW() + interval '1400 millisecond', 114.26);
INSERT INTO float_actual(key, fix, value) VALUES(201, NOW() + interval '1608 millisecond', 137.24);
INSERT INTO float_actual(key, fix, value) VALUES(202, NOW() + interval '2020 millisecond', 107.91);
INSERT INTO float_actual(key, fix, value) VALUES(203, NOW() + interval '1421 millisecond', 58.82);
INSERT INTO float_actual(key, fix, value) VALUES(204, NOW() + interval '816 millisecond', 64.28);
INSERT INTO float_actual(key, fix, value) VALUES(205, NOW() + interval '2255 millisecond', 82.78);
INSERT INTO float_actual(key, fix, value) VALUES(206, NOW() + interval '1854 millisecond', 60.06);
INSERT INTO float_actual(key, fix, value) VALUES(207, NOW() + interval '1449 millisecond', 138.34);
INSERT INTO float_actual(key, fix, value) VALUES(208, NOW() + interval '1664 millisecond', 72.22);
INSERT INTO float_actual(key, fix, value) VALUES(209, NOW() + interval '1045 millisecond', 75.22);
INSERT INTO float_actual(key, fix, value) VALUES(210, NOW() + interval '2940 millisecond', 83.12);
INSERT INTO float_actual(key, fix, value) VALUES(211, NOW() + interval '2743 millisecond', 22.48);
INSERT INTO float_actual(key, fix, value) VALUES(212, NOW() + interval '848 millisecond', 142.86);
INSERT INTO float_actual(key, fix, value) VALUES(213, NOW() + interval '1065 millisecond', 52.35);
INSERT INTO float_actual(key, fix, value) VALUES(214, NOW() + interval '856 millisecond', 120.77);
INSERT INTO float_actual(key, fix, value) VALUES(215, NOW() + interval '1505 millisecond', 95.89);
INSERT INTO float_actual(key, fix, value) VALUES(216, NOW() + interval '2592 millisecond', 92.21);
INSERT INTO float_actual(key, fix, value) VALUES(217, NOW() + interval '2821 millisecond', 77.75);
INSERT INTO float_actual(key, fix, value) VALUES(218, NOW() + interval '872 millisecond', 92.3);
INSERT INTO float_actual(key, fix, value) VALUES(219, NOW() + interval '1314 millisecond', 39.06);
INSERT INTO float_actual(key, fix, value) VALUES(220, NOW() + interval '2200 millisecond', 98.97);
INSERT INTO float_actual(key, fix, value) VALUES(221, NOW() + interval '1326 millisecond', 116.78);
INSERT INTO float_actual(key, fix, value) VALUES(222, NOW() + interval '222 millisecond', 70.2);
INSERT INTO float_actual(key, fix, value) VALUES(223, NOW() + interval '2007 millisecond', 116.02);
INSERT INTO float_actual(key, fix, value) VALUES(224, NOW() + interval '2240 millisecond', 36.33);
INSERT INTO float_actual(key, fix, value) VALUES(225, NOW() + interval '2925 millisecond', 69.65);
INSERT INTO float_actual(key, fix, value) VALUES(226, NOW() + interval '678 millisecond', 14.14);
INSERT INTO float_actual(key, fix, value) VALUES(227, NOW() + interval '1135 millisecond', 124.95);
INSERT INTO float_actual(key, fix, value) VALUES(228, NOW() + interval '2964 millisecond', 56.85);
INSERT INTO float_actual(key, fix, value) VALUES(229, NOW() + interval '2519 millisecond', 95.09);
INSERT INTO float_actual(key, fix, value) VALUES(230, NOW() + interval '1840 millisecond', 15.13);
INSERT INTO float_actual(key, fix, value) VALUES(231, NOW() + interval '924 millisecond', 53.34);
INSERT INTO float_actual(key, fix, value) VALUES(232, NOW() + interval '3248 millisecond', 12.1);
INSERT INTO float_actual(key, fix, value) VALUES(233, NOW() + interval '2563 millisecond', 135.91);
INSERT INTO float_actual(key, fix, value) VALUES(234, NOW() + interval '1872 millisecond', 128.45);
INSERT INTO float_actual(key, fix, value) VALUES(235, NOW() + interval '2585 millisecond', 129.87);
INSERT INTO float_actual(key, fix, value) VALUES(236, NOW() + interval '708 millisecond', 1.88);
INSERT INTO float_actual(key, fix, value) VALUES(237, NOW() + interval '2844 millisecond', 40.11);
INSERT INTO float_actual(key, fix, value) VALUES(238, NOW() + interval '952 millisecond', 15.38);
INSERT INTO float_actual(key, fix, value) VALUES(239, NOW() + interval '717 millisecond', 103.06);
INSERT INTO float_actual(key, fix, value) VALUES(240, NOW() + interval '1440 millisecond', 67);
INSERT INTO float_archive(key, fix, value) VALUES(1, NOW() + interval '10 millisecond', 139.88);
INSERT INTO float_archive(key, fix, value) VALUES(2, NOW() + interval '28 millisecond', 142.31);
INSERT INTO float_archive(key, fix, value) VALUES(3, NOW() + interval '24 millisecond', 104.63);
INSERT INTO float_archive(key, fix, value) VALUES(4, NOW() + interval '24 millisecond', 7.83);
INSERT INTO float_archive(key, fix, value) VALUES(5, NOW() + interval '50 millisecond', 119.87);
INSERT INTO float_archive(key, fix, value) VALUES(6, NOW() + interval '78 millisecond', 102.36);
INSERT INTO float_archive(key, fix, value) VALUES(7, NOW() + interval '77 millisecond', 84.77);
INSERT INTO float_archive(key, fix, value) VALUES(8, NOW() + interval '64 millisecond', 144.11);
INSERT INTO float_archive(key, fix, value) VALUES(9, NOW() + interval '108 millisecond', 135.7);
INSERT INTO float_archive(key, fix, value) VALUES(10, NOW() + interval '110 millisecond', 96.52);
INSERT INTO float_archive(key, fix, value) VALUES(11, NOW() + interval '55 millisecond', 113.78);
INSERT INTO float_archive(key, fix, value) VALUES(12, NOW() + interval '96 millisecond', 143.59);
INSERT INTO float_archive(key, fix, value) VALUES(13, NOW() + interval '78 millisecond', 20.87);
INSERT INTO float_archive(key, fix, value) VALUES(14, NOW() + interval '70 millisecond', 144.37);
INSERT INTO float_archive(key, fix, value) VALUES(15, NOW() + interval '150 millisecond', 114.51);
INSERT INTO float_archive(key, fix, value) VALUES(16, NOW() + interval '64 millisecond', 8.7);
INSERT INTO float_archive(key, fix, value) VALUES(17, NOW() + interval '85 millisecond', 5.65);
INSERT INTO float_archive(key, fix, value) VALUES(18, NOW() + interval '126 millisecond', 34.62);
INSERT INTO float_archive(key, fix, value) VALUES(19, NOW() + interval '133 millisecond', 1.91);
INSERT INTO float_archive(key, fix, value) VALUES(20, NOW() + interval '180 millisecond', 7.16);
INSERT INTO float_archive(key, fix, value) VALUES(21, NOW() + interval '189 millisecond', 67.23);
INSERT INTO float_archive(key, fix, value) VALUES(22, NOW() + interval '88 millisecond', 133.64);
INSERT INTO float_archive(key, fix, value) VALUES(23, NOW() + interval '23 millisecond', 64.31);
INSERT INTO float_archive(key, fix, value) VALUES(24, NOW() + interval '96 millisecond', 38.32);
INSERT INTO float_archive(key, fix, value) VALUES(25, NOW() + interval '300 millisecond', 33.45);
INSERT INTO float_archive(key, fix, value) VALUES(26, NOW() + interval '130 millisecond', 30.87);
INSERT INTO float_archive(key, fix, value) VALUES(27, NOW() + interval '378 millisecond', 105.82);
INSERT INTO float_archive(key, fix, value) VALUES(28, NOW() + interval '84 millisecond', 132.36);
INSERT INTO float_archive(key, fix, value) VALUES(29, NOW() + interval '203 millisecond', 139.74);
INSERT INTO float_archive(key, fix, value) VALUES(30, NOW() + interval '300 millisecond', 55.92);
INSERT INTO float_archive(key, fix, value) VALUES(31, NOW() + interval '217 millisecond', 55.26);
INSERT INTO float_archive(key, fix, value) VALUES(32, NOW() + interval '192 millisecond', 125.26);
INSERT INTO float_archive(key, fix, value) VALUES(33, NOW() + interval '297 millisecond', 119.62);
INSERT INTO float_archive(key, fix, value) VALUES(34, NOW() + interval '238 millisecond', 108.52);
INSERT INTO float_archive(key, fix, value) VALUES(35, NOW() + interval '105 millisecond', 37.63);
INSERT INTO float_archive(key, fix, value) VALUES(36, NOW() + interval '324 millisecond', 118.42);
INSERT INTO float_archive(key, fix, value) VALUES(37, NOW() + interval '222 millisecond', 99.02);
INSERT INTO float_archive(key, fix, value) VALUES(38, NOW() + interval '76 millisecond', 121.51);
INSERT INTO float_archive(key, fix, value) VALUES(39, NOW() + interval '312 millisecond', 85.2);
INSERT INTO float_archive(key, fix, value) VALUES(40, NOW() + interval '560 millisecond', 130.57);
INSERT INTO float_archive(key, fix, value) VALUES(41, NOW() + interval '533 millisecond', 144.63);
INSERT INTO float_archive(key, fix, value) VALUES(42, NOW() + interval '168 millisecond', 61.7);
INSERT INTO float_archive(key, fix, value) VALUES(43, NOW() + interval '344 millisecond', 7.17);
INSERT INTO float_archive(key, fix, value) VALUES(44, NOW() + interval '88 millisecond', 78.84);
INSERT INTO float_archive(key, fix, value) VALUES(45, NOW() + interval '585 millisecond', 72.66);
INSERT INTO float_archive(key, fix, value) VALUES(46, NOW() + interval '506 millisecond', 66.3);
INSERT INTO float_archive(key, fix, value) VALUES(47, NOW() + interval '282 millisecond', 27.16);
INSERT INTO float_archive(key, fix, value) VALUES(48, NOW() + interval '432 millisecond', 28.79);
INSERT INTO float_archive(key, fix, value) VALUES(49, NOW() + interval '98 millisecond', 55.32);
INSERT INTO float_archive(key, fix, value) VALUES(50, NOW() + interval '300 millisecond', 29.71);
INSERT INTO float_archive(key, fix, value) VALUES(51, NOW() + interval '51 millisecond', 71.09);
INSERT INTO float_archive(key, fix, value) VALUES(52, NOW() + interval '104 millisecond', 78.01);
INSERT INTO float_archive(key, fix, value) VALUES(53, NOW() + interval '530 millisecond', 68.52);
INSERT INTO float_archive(key, fix, value) VALUES(54, NOW() + interval '648 millisecond', 45.62);
INSERT INTO float_archive(key, fix, value) VALUES(55, NOW() + interval '495 millisecond', 48.65);
INSERT INTO float_archive(key, fix, value) VALUES(56, NOW() + interval '336 millisecond', 127.75);
INSERT INTO float_archive(key, fix, value) VALUES(57, NOW() + interval '798 millisecond', 108.76);
INSERT INTO float_archive(key, fix, value) VALUES(58, NOW() + interval '406 millisecond', 68.95);
INSERT INTO float_archive(key, fix, value) VALUES(59, NOW() + interval '177 millisecond', 142.86);
INSERT INTO float_archive(key, fix, value) VALUES(60, NOW() + interval '360 millisecond', 78.3);
INSERT INTO float_archive(key, fix, value) VALUES(61, NOW() + interval '671 millisecond', 130.77);
INSERT INTO float_archive(key, fix, value) VALUES(62, NOW() + interval '806 millisecond', 98.99);
INSERT INTO float_archive(key, fix, value) VALUES(63, NOW() + interval '504 millisecond', 19.54);
INSERT INTO float_archive(key, fix, value) VALUES(64, NOW() + interval '448 millisecond', 29.11);
INSERT INTO float_archive(key, fix, value) VALUES(65, NOW() + interval '195 millisecond', 131.45);
INSERT INTO float_archive(key, fix, value) VALUES(66, NOW() + interval '726 millisecond', 25.65);
INSERT INTO float_archive(key, fix, value) VALUES(67, NOW() + interval '268 millisecond', 112.33);
INSERT INTO float_archive(key, fix, value) VALUES(68, NOW() + interval '884 millisecond', 62.08);
INSERT INTO float_archive(key, fix, value) VALUES(69, NOW() + interval '897 millisecond', 98.49);
INSERT INTO float_archive(key, fix, value) VALUES(70, NOW() + interval '770 millisecond', 6.81);
INSERT INTO float_archive(key, fix, value) VALUES(71, NOW() + interval '284 millisecond', 110.33);
INSERT INTO float_archive(key, fix, value) VALUES(72, NOW() + interval '936 millisecond', 78.74);
INSERT INTO float_archive(key, fix, value) VALUES(73, NOW() + interval '219 millisecond', 129.96);
INSERT INTO float_archive(key, fix, value) VALUES(74, NOW() + interval '518 millisecond', 89.85);
INSERT INTO float_archive(key, fix, value) VALUES(75, NOW() + interval '825 millisecond', 16.54);
INSERT INTO float_archive(key, fix, value) VALUES(76, NOW() + interval '152 millisecond', 11.7);
INSERT INTO float_archive(key, fix, value) VALUES(77, NOW() + interval '77 millisecond', 117.64);
INSERT INTO float_archive(key, fix, value) VALUES(78, NOW() + interval '546 millisecond', 15.84);
INSERT INTO float_archive(key, fix, value) VALUES(79, NOW() + interval '711 millisecond', 59.58);
INSERT INTO float_archive(key, fix, value) VALUES(80, NOW() + interval '160 millisecond', 75.84);
INSERT INTO float_archive(key, fix, value) VALUES(81, NOW() + interval '81 millisecond', 93.26);
INSERT INTO float_archive(key, fix, value) VALUES(82, NOW() + interval '328 millisecond', 106.03);
INSERT INTO float_archive(key, fix, value) VALUES(83, NOW() + interval '664 millisecond', 29.38);
INSERT INTO float_archive(key, fix, value) VALUES(84, NOW() + interval '840 millisecond', 33.14);
INSERT INTO float_archive(key, fix, value) VALUES(85, NOW() + interval '1020 millisecond', 8.45);
INSERT INTO float_archive(key, fix, value) VALUES(86, NOW() + interval '774 millisecond', 72.17);
INSERT INTO float_archive(key, fix, value) VALUES(87, NOW() + interval '348 millisecond', 46.76);
INSERT INTO float_archive(key, fix, value) VALUES(88, NOW() + interval '440 millisecond', 145.23);
INSERT INTO float_archive(key, fix, value) VALUES(89, NOW() + interval '1246 millisecond', 50.16);
INSERT INTO float_archive(key, fix, value) VALUES(90, NOW() + interval '720 millisecond', 85.99);
INSERT INTO float_archive(key, fix, value) VALUES(91, NOW() + interval '910 millisecond', 121.86);
INSERT INTO float_archive(key, fix, value) VALUES(92, NOW() + interval '736 millisecond', 144.77);
INSERT INTO float_archive(key, fix, value) VALUES(93, NOW() + interval '1209 millisecond', 103.02);
INSERT INTO float_archive(key, fix, value) VALUES(94, NOW() + interval '282 millisecond', 63.52);
INSERT INTO float_archive(key, fix, value) VALUES(95, NOW() + interval '570 millisecond', 115.89);
INSERT INTO float_archive(key, fix, value) VALUES(96, NOW() + interval '1152 millisecond', 74.25);
INSERT INTO float_archive(key, fix, value) VALUES(97, NOW() + interval '873 millisecond', 38.26);
INSERT INTO float_archive(key, fix, value) VALUES(98, NOW() + interval '196 millisecond', 83.43);
INSERT INTO float_archive(key, fix, value) VALUES(99, NOW() + interval '792 millisecond', 27.23);
INSERT INTO float_archive(key, fix, value) VALUES(100, NOW() + interval '1400 millisecond', 136.01);
INSERT INTO float_archive(key, fix, value) VALUES(101, NOW() + interval '505 millisecond', 35.46);
INSERT INTO float_archive(key, fix, value) VALUES(102, NOW() + interval '1122 millisecond', 95.95);
INSERT INTO float_archive(key, fix, value) VALUES(103, NOW() + interval '824 millisecond', 77.85);
INSERT INTO float_archive(key, fix, value) VALUES(104, NOW() + interval '1352 millisecond', 102.76);
INSERT INTO float_archive(key, fix, value) VALUES(105, NOW() + interval '840 millisecond', 64.94);
INSERT INTO float_archive(key, fix, value) VALUES(106, NOW() + interval '318 millisecond', 39.8);
INSERT INTO float_archive(key, fix, value) VALUES(107, NOW() + interval '1284 millisecond', 67.97);
INSERT INTO float_archive(key, fix, value) VALUES(108, NOW() + interval '1296 millisecond', 26.85);
INSERT INTO float_archive(key, fix, value) VALUES(109, NOW() + interval '327 millisecond', 31.44);
INSERT INTO float_archive(key, fix, value) VALUES(110, NOW() + interval '1320 millisecond', 122.81);
INSERT INTO float_archive(key, fix, value) VALUES(111, NOW() + interval '222 millisecond', 30.85);
INSERT INTO float_archive(key, fix, value) VALUES(112, NOW() + interval '1456 millisecond', 8.91);
INSERT INTO float_archive(key, fix, value) VALUES(113, NOW() + interval '452 millisecond', 8.64);
INSERT INTO float_archive(key, fix, value) VALUES(114, NOW() + interval '1482 millisecond', 138.28);
INSERT INTO float_archive(key, fix, value) VALUES(115, NOW() + interval '575 millisecond', 110.07);
INSERT INTO float_archive(key, fix, value) VALUES(116, NOW() + interval '812 millisecond', 118.04);
INSERT INTO float_archive(key, fix, value) VALUES(117, NOW() + interval '702 millisecond', 89.48);
INSERT INTO float_archive(key, fix, value) VALUES(118, NOW() + interval '708 millisecond', 63.25);
INSERT INTO float_archive(key, fix, value) VALUES(119, NOW() + interval '238 millisecond', 120.66);
INSERT INTO float_archive(key, fix, value) VALUES(120, NOW() + interval '840 millisecond', 51.35);
INSERT INTO float_archive(key, fix, value) VALUES(121, NOW() + interval '1452 millisecond', 65.27);
INSERT INTO float_archive(key, fix, value) VALUES(122, NOW() + interval '1708 millisecond', 129.12);
INSERT INTO float_archive(key, fix, value) VALUES(123, NOW() + interval '1230 millisecond', 80.09);
INSERT INTO float_archive(key, fix, value) VALUES(124, NOW() + interval '1240 millisecond', 24.33);
INSERT INTO float_archive(key, fix, value) VALUES(125, NOW() + interval '875 millisecond', 123.15);
INSERT INTO float_archive(key, fix, value) VALUES(126, NOW() + interval '882 millisecond', 50.45);
INSERT INTO float_archive(key, fix, value) VALUES(127, NOW() + interval '762 millisecond', 22);
INSERT INTO float_archive(key, fix, value) VALUES(128, NOW() + interval '1664 millisecond', 8.39);
INSERT INTO float_archive(key, fix, value) VALUES(129, NOW() + interval '774 millisecond', 103.9);
INSERT INTO float_archive(key, fix, value) VALUES(130, NOW() + interval '910 millisecond', 72.78);
INSERT INTO float_archive(key, fix, value) VALUES(131, NOW() + interval '1310 millisecond', 132.9);
INSERT INTO float_archive(key, fix, value) VALUES(132, NOW() + interval '924 millisecond', 105.96);
INSERT INTO float_archive(key, fix, value) VALUES(133, NOW() + interval '1862 millisecond', 44.42);
INSERT INTO float_archive(key, fix, value) VALUES(134, NOW() + interval '1742 millisecond', 36.5);
INSERT INTO float_archive(key, fix, value) VALUES(135, NOW() + interval '405 millisecond', 61.65);
INSERT INTO float_archive(key, fix, value) VALUES(136, NOW() + interval '408 millisecond', 47.89);
INSERT INTO float_archive(key, fix, value) VALUES(137, NOW() + interval '1507 millisecond', 73.26);
INSERT INTO float_archive(key, fix, value) VALUES(138, NOW() + interval '138 millisecond', 87.98);
INSERT INTO float_archive(key, fix, value) VALUES(139, NOW() + interval '695 millisecond', 1.87);
INSERT INTO float_archive(key, fix, value) VALUES(140, NOW() + interval '840 millisecond', 100.37);
INSERT INTO float_archive(key, fix, value) VALUES(141, NOW() + interval '846 millisecond', 103.31);
INSERT INTO float_archive(key, fix, value) VALUES(142, NOW() + interval '1136 millisecond', 65.51);
INSERT INTO float_archive(key, fix, value) VALUES(143, NOW() + interval '858 millisecond', 16.54);
INSERT INTO float_archive(key, fix, value) VALUES(144, NOW() + interval '1008 millisecond', 31.12);
INSERT INTO float_archive(key, fix, value) VALUES(145, NOW() + interval '1595 millisecond', 42.02);
INSERT INTO float_archive(key, fix, value) VALUES(146, NOW() + interval '292 millisecond', 52.92);
INSERT INTO float_archive(key, fix, value) VALUES(147, NOW() + interval '1029 millisecond', 138.34);
INSERT INTO float_archive(key, fix, value) VALUES(148, NOW() + interval '1480 millisecond', 134.96);
INSERT INTO float_archive(key, fix, value) VALUES(149, NOW() + interval '298 millisecond', 33.43);
INSERT INTO float_archive(key, fix, value) VALUES(150, NOW() + interval '1950 millisecond', 56.77);
INSERT INTO float_archive(key, fix, value) VALUES(151, NOW() + interval '1510 millisecond', 59.53);
INSERT INTO float_archive(key, fix, value) VALUES(152, NOW() + interval '304 millisecond', 143.6);
INSERT INTO float_archive(key, fix, value) VALUES(153, NOW() + interval '1683 millisecond', 14.77);
INSERT INTO float_archive(key, fix, value) VALUES(154, NOW() + interval '1386 millisecond', 121.28);
INSERT INTO float_archive(key, fix, value) VALUES(155, NOW() + interval '465 millisecond', 42.56);
INSERT INTO float_archive(key, fix, value) VALUES(156, NOW() + interval '1872 millisecond', 50.39);
INSERT INTO float_archive(key, fix, value) VALUES(157, NOW() + interval '942 millisecond', 107.02);
INSERT INTO float_archive(key, fix, value) VALUES(158, NOW() + interval '316 millisecond', 138.8);
INSERT INTO float_archive(key, fix, value) VALUES(159, NOW() + interval '954 millisecond', 140.48);
INSERT INTO float_archive(key, fix, value) VALUES(160, NOW() + interval '960 millisecond', 129.18);
INSERT INTO float_archive(key, fix, value) VALUES(161, NOW() + interval '1932 millisecond', 103.33);
INSERT INTO float_archive(key, fix, value) VALUES(162, NOW() + interval '1296 millisecond', 123.31);
INSERT INTO float_archive(key, fix, value) VALUES(163, NOW() + interval '978 millisecond', 109.01);
INSERT INTO float_archive(key, fix, value) VALUES(164, NOW() + interval '2132 millisecond', 118.02);
INSERT INTO float_archive(key, fix, value) VALUES(165, NOW() + interval '1980 millisecond', 11.87);
INSERT INTO float_archive(key, fix, value) VALUES(166, NOW() + interval '1494 millisecond', 5.8);
INSERT INTO float_archive(key, fix, value) VALUES(167, NOW() + interval '501 millisecond', 142.85);
INSERT INTO float_archive(key, fix, value) VALUES(168, NOW() + interval '336 millisecond', 144.97);
INSERT INTO float_archive(key, fix, value) VALUES(169, NOW() + interval '1690 millisecond', 81.33);
INSERT INTO float_archive(key, fix, value) VALUES(170, NOW() + interval '1700 millisecond', 36.29);
INSERT INTO float_archive(key, fix, value) VALUES(171, NOW() + interval '1368 millisecond', 94.13);
INSERT INTO float_archive(key, fix, value) VALUES(172, NOW() + interval '344 millisecond', 64.16);
INSERT INTO float_archive(key, fix, value) VALUES(173, NOW() + interval '1384 millisecond', 108.38);
INSERT INTO float_archive(key, fix, value) VALUES(174, NOW() + interval '174 millisecond', 98.16);
INSERT INTO float_archive(key, fix, value) VALUES(175, NOW() + interval '2100 millisecond', 106.47);
INSERT INTO float_archive(key, fix, value) VALUES(176, NOW() + interval '1584 millisecond', 10.7);
INSERT INTO float_archive(key, fix, value) VALUES(177, NOW() + interval '2124 millisecond', 1.99);
INSERT INTO float_archive(key, fix, value) VALUES(178, NOW() + interval '1602 millisecond', 134.21);
INSERT INTO float_archive(key, fix, value) VALUES(179, NOW() + interval '2327 millisecond', 27.59);
INSERT INTO float_archive(key, fix, value) VALUES(180, NOW() + interval '1800 millisecond', 144.12);
INSERT INTO float_archive(key, fix, value) VALUES(181, NOW() + interval '724 millisecond', 112.1);
INSERT INTO float_archive(key, fix, value) VALUES(182, NOW() + interval '182 millisecond', 11.06);
INSERT INTO float_archive(key, fix, value) VALUES(183, NOW() + interval '2013 millisecond', 111.12);
INSERT INTO float_archive(key, fix, value) VALUES(184, NOW() + interval '736 millisecond', 53.33);
INSERT INTO float_archive(key, fix, value) VALUES(185, NOW() + interval '1850 millisecond', 15.21);
INSERT INTO float_archive(key, fix, value) VALUES(186, NOW() + interval '930 millisecond', 118.55);
INSERT INTO float_archive(key, fix, value) VALUES(187, NOW() + interval '935 millisecond', 22.24);
INSERT INTO float_archive(key, fix, value) VALUES(188, NOW() + interval '1128 millisecond', 26.78);
INSERT INTO float_archive(key, fix, value) VALUES(189, NOW() + interval '1890 millisecond', 13.4);
INSERT INTO float_archive(key, fix, value) VALUES(190, NOW() + interval '1140 millisecond', 86.41);
INSERT INTO float_archive(key, fix, value) VALUES(191, NOW() + interval '2101 millisecond', 36.45);
INSERT INTO float_archive(key, fix, value) VALUES(192, NOW() + interval '2688 millisecond', 13.42);
INSERT INTO float_archive(key, fix, value) VALUES(193, NOW() + interval '1544 millisecond', 73.87);
INSERT INTO float_archive(key, fix, value) VALUES(194, NOW() + interval '776 millisecond', 16.48);
INSERT INTO float_archive(key, fix, value) VALUES(195, NOW() + interval '1365 millisecond', 20.51);
INSERT INTO float_archive(key, fix, value) VALUES(196, NOW() + interval '588 millisecond', 72.59);
INSERT INTO float_archive(key, fix, value) VALUES(197, NOW() + interval '2561 millisecond', 104.29);
INSERT INTO float_archive(key, fix, value) VALUES(198, NOW() + interval '396 millisecond', 110.34);
INSERT INTO float_archive(key, fix, value) VALUES(199, NOW() + interval '1791 millisecond', 144.89);
INSERT INTO float_archive(key, fix, value) VALUES(200, NOW() + interval '2200 millisecond', 105.87);
INSERT INTO float_archive(key, fix, value) VALUES(201, NOW() + interval '1608 millisecond', 95.31);
INSERT INTO float_archive(key, fix, value) VALUES(202, NOW() + interval '2828 millisecond', 110.72);
INSERT INTO float_archive(key, fix, value) VALUES(203, NOW() + interval '1421 millisecond', 108.44);
INSERT INTO float_archive(key, fix, value) VALUES(204, NOW() + interval '2448 millisecond', 100.42);
INSERT INTO float_archive(key, fix, value) VALUES(205, NOW() + interval '2050 millisecond', 56.85);
INSERT INTO float_archive(key, fix, value) VALUES(206, NOW() + interval '1030 millisecond', 116.34);
INSERT INTO float_archive(key, fix, value) VALUES(207, NOW() + interval '2484 millisecond', 10.17);
INSERT INTO float_archive(key, fix, value) VALUES(208, NOW() + interval '1040 millisecond', 135.6);
INSERT INTO float_archive(key, fix, value) VALUES(209, NOW() + interval '2508 millisecond', 135.74);
INSERT INTO float_archive(key, fix, value) VALUES(210, NOW() + interval '1680 millisecond', 31.89);
INSERT INTO float_archive(key, fix, value) VALUES(211, NOW() + interval '1899 millisecond', 19.08);
INSERT INTO float_archive(key, fix, value) VALUES(212, NOW() + interval '2968 millisecond', 79.56);
INSERT INTO float_archive(key, fix, value) VALUES(213, NOW() + interval '2982 millisecond', 113.8);
INSERT INTO float_archive(key, fix, value) VALUES(214, NOW() + interval '2782 millisecond', 79.68);
INSERT INTO float_archive(key, fix, value) VALUES(215, NOW() + interval '430 millisecond', 88.28);
INSERT INTO float_archive(key, fix, value) VALUES(216, NOW() + interval '1728 millisecond', 94.38);
INSERT INTO float_archive(key, fix, value) VALUES(217, NOW() + interval '1302 millisecond', 92.35);
INSERT INTO float_archive(key, fix, value) VALUES(218, NOW() + interval '436 millisecond', 12.84);
INSERT INTO float_archive(key, fix, value) VALUES(219, NOW() + interval '876 millisecond', 29.14);
INSERT INTO float_archive(key, fix, value) VALUES(220, NOW() + interval '1980 millisecond', 112.47);
INSERT INTO float_archive(key, fix, value) VALUES(221, NOW() + interval '2210 millisecond', 74.62);
INSERT INTO float_archive(key, fix, value) VALUES(222, NOW() + interval '1554 millisecond', 6.02);
INSERT INTO float_archive(key, fix, value) VALUES(223, NOW() + interval '2676 millisecond', 46.66);
INSERT INTO float_archive(key, fix, value) VALUES(224, NOW() + interval '2240 millisecond', 122.34);
INSERT INTO float_archive(key, fix, value) VALUES(225, NOW() + interval '1575 millisecond', 20.53);
INSERT INTO float_archive(key, fix, value) VALUES(226, NOW() + interval '3164 millisecond', 101.13);
INSERT INTO float_archive(key, fix, value) VALUES(227, NOW() + interval '1589 millisecond', 74.27);
INSERT INTO float_archive(key, fix, value) VALUES(228, NOW() + interval '684 millisecond', 57.38);
INSERT INTO float_archive(key, fix, value) VALUES(229, NOW() + interval '2519 millisecond', 66.3);
INSERT INTO float_archive(key, fix, value) VALUES(230, NOW() + interval '2530 millisecond', 98.18);
INSERT INTO float_archive(key, fix, value) VALUES(231, NOW() + interval '2772 millisecond', 38.95);
INSERT INTO float_archive(key, fix, value) VALUES(232, NOW() + interval '2088 millisecond', 6.98);
INSERT INTO float_archive(key, fix, value) VALUES(233, NOW() + interval '2796 millisecond', 92.46);
INSERT INTO float_archive(key, fix, value) VALUES(234, NOW() + interval '1638 millisecond', 28.92);
INSERT INTO float_archive(key, fix, value) VALUES(235, NOW() + interval '3290 millisecond', 26.78);
INSERT INTO float_archive(key, fix, value) VALUES(236, NOW() + interval '2360 millisecond', 90.87);
INSERT INTO float_archive(key, fix, value) VALUES(237, NOW() + interval '1185 millisecond', 113.71);
INSERT INTO float_archive(key, fix, value) VALUES(238, NOW() + interval '1904 millisecond', 9.24);
INSERT INTO float_archive(key, fix, value) VALUES(239, NOW() + interval '2390 millisecond', 132.22);
INSERT INTO float_archive(key, fix, value) VALUES(240, NOW() + interval '2400 millisecond', 97.45);
INSERT INTO float_archive(key, fix, value) VALUES(1, NOW() + interval '3 millisecond', 11.46);
INSERT INTO float_archive(key, fix, value) VALUES(2, NOW() + interval '4 millisecond', 137.48);
INSERT INTO float_archive(key, fix, value) VALUES(3, NOW() + interval '30 millisecond', 124.8);
INSERT INTO float_archive(key, fix, value) VALUES(4, NOW() + interval '16 millisecond', 124.87);
INSERT INTO float_archive(key, fix, value) VALUES(5, NOW() + interval '35 millisecond', 100.34);
INSERT INTO float_archive(key, fix, value) VALUES(6, NOW() + interval '36 millisecond', 116.2);
INSERT INTO float_archive(key, fix, value) VALUES(7, NOW() + interval '49 millisecond', 139.28);
INSERT INTO float_archive(key, fix, value) VALUES(8, NOW() + interval '112 millisecond', 64.07);
INSERT INTO float_archive(key, fix, value) VALUES(9, NOW() + interval '117 millisecond', 62);
INSERT INTO float_archive(key, fix, value) VALUES(10, NOW() + interval '40 millisecond', 33.11);
INSERT INTO float_archive(key, fix, value) VALUES(11, NOW() + interval '143 millisecond', 70.17);
INSERT INTO float_archive(key, fix, value) VALUES(12, NOW() + interval '144 millisecond', 41.54);
INSERT INTO float_archive(key, fix, value) VALUES(13, NOW() + interval '91 millisecond', 47.23);
INSERT INTO float_archive(key, fix, value) VALUES(14, NOW() + interval '84 millisecond', 96.91);
INSERT INTO float_archive(key, fix, value) VALUES(15, NOW() + interval '210 millisecond', 16.43);
INSERT INTO float_archive(key, fix, value) VALUES(16, NOW() + interval '176 millisecond', 116.75);
INSERT INTO float_archive(key, fix, value) VALUES(17, NOW() + interval '187 millisecond', 16.92);
INSERT INTO float_archive(key, fix, value) VALUES(18, NOW() + interval '162 millisecond', 110.95);
INSERT INTO float_archive(key, fix, value) VALUES(19, NOW() + interval '76 millisecond', 96.82);
INSERT INTO float_archive(key, fix, value) VALUES(20, NOW() + interval '120 millisecond', 142.14);
INSERT INTO float_archive(key, fix, value) VALUES(21, NOW() + interval '147 millisecond', 84.22);
INSERT INTO float_archive(key, fix, value) VALUES(22, NOW() + interval '242 millisecond', 44.02);
INSERT INTO float_archive(key, fix, value) VALUES(23, NOW() + interval '276 millisecond', 128.81);
INSERT INTO float_archive(key, fix, value) VALUES(24, NOW() + interval '96 millisecond', 50.89);
INSERT INTO float_archive(key, fix, value) VALUES(25, NOW() + interval '300 millisecond', 12.58);
INSERT INTO float_archive(key, fix, value) VALUES(26, NOW() + interval '78 millisecond', 35.88);
INSERT INTO float_archive(key, fix, value) VALUES(27, NOW() + interval '297 millisecond', 68.65);
INSERT INTO float_archive(key, fix, value) VALUES(28, NOW() + interval '336 millisecond', 92.3);
INSERT INTO float_archive(key, fix, value) VALUES(29, NOW() + interval '116 millisecond', 117.59);
INSERT INTO float_archive(key, fix, value) VALUES(30, NOW() + interval '240 millisecond', 50.72);
INSERT INTO float_archive(key, fix, value) VALUES(31, NOW() + interval '217 millisecond', 78.75);
INSERT INTO float_archive(key, fix, value) VALUES(32, NOW() + interval '416 millisecond', 53.9);
INSERT INTO float_archive(key, fix, value) VALUES(33, NOW() + interval '462 millisecond', 83.15);
INSERT INTO float_archive(key, fix, value) VALUES(34, NOW() + interval '68 millisecond', 45.61);
INSERT INTO float_archive(key, fix, value) VALUES(35, NOW() + interval '210 millisecond', 26.88);
INSERT INTO float_archive(key, fix, value) VALUES(36, NOW() + interval '180 millisecond', 35.39);
INSERT INTO float_archive(key, fix, value) VALUES(37, NOW() + interval '74 millisecond', 32.96);
INSERT INTO float_archive(key, fix, value) VALUES(38, NOW() + interval '456 millisecond', 45.23);
INSERT INTO float_archive(key, fix, value) VALUES(39, NOW() + interval '429 millisecond', 81.74);
INSERT INTO float_archive(key, fix, value) VALUES(40, NOW() + interval '280 millisecond', 82.74);
INSERT INTO float_archive(key, fix, value) VALUES(41, NOW() + interval '123 millisecond', 7.84);
INSERT INTO float_archive(key, fix, value) VALUES(42, NOW() + interval '504 millisecond', 132.81);
INSERT INTO float_archive(key, fix, value) VALUES(43, NOW() + interval '602 millisecond', 71.4);
INSERT INTO float_archive(key, fix, value) VALUES(44, NOW() + interval '88 millisecond', 43.65);
INSERT INTO float_archive(key, fix, value) VALUES(45, NOW() + interval '225 millisecond', 135.31);
INSERT INTO float_archive(key, fix, value) VALUES(46, NOW() + interval '368 millisecond', 54.13);
INSERT INTO float_archive(key, fix, value) VALUES(47, NOW() + interval '141 millisecond', 6.08);
INSERT INTO float_archive(key, fix, value) VALUES(48, NOW() + interval '384 millisecond', 129.94);
INSERT INTO float_archive(key, fix, value) VALUES(49, NOW() + interval '539 millisecond', 52.46);
INSERT INTO float_archive(key, fix, value) VALUES(50, NOW() + interval '300 millisecond', 35.63);
INSERT INTO float_archive(key, fix, value) VALUES(51, NOW() + interval '612 millisecond', 130.5);
INSERT INTO float_archive(key, fix, value) VALUES(52, NOW() + interval '728 millisecond', 96.77);
INSERT INTO float_archive(key, fix, value) VALUES(53, NOW() + interval '636 millisecond', 133.54);
INSERT INTO float_archive(key, fix, value) VALUES(54, NOW() + interval '216 millisecond', 71.93);
INSERT INTO float_archive(key, fix, value) VALUES(55, NOW() + interval '550 millisecond', 70.54);
INSERT INTO float_archive(key, fix, value) VALUES(56, NOW() + interval '728 millisecond', 95.87);
INSERT INTO float_archive(key, fix, value) VALUES(57, NOW() + interval '342 millisecond', 135.1);
INSERT INTO float_archive(key, fix, value) VALUES(58, NOW() + interval '232 millisecond', 61.88);
INSERT INTO float_archive(key, fix, value) VALUES(59, NOW() + interval '649 millisecond', 138.58);
INSERT INTO float_archive(key, fix, value) VALUES(60, NOW() + interval '420 millisecond', 69.43);
INSERT INTO float_archive(key, fix, value) VALUES(61, NOW() + interval '427 millisecond', 108.01);
INSERT INTO float_archive(key, fix, value) VALUES(62, NOW() + interval '868 millisecond', 68.26);
INSERT INTO float_archive(key, fix, value) VALUES(63, NOW() + interval '630 millisecond', 130.13);
INSERT INTO float_archive(key, fix, value) VALUES(64, NOW() + interval '128 millisecond', 2.75);
INSERT INTO float_archive(key, fix, value) VALUES(65, NOW() + interval '715 millisecond', 130.51);
INSERT INTO float_archive(key, fix, value) VALUES(66, NOW() + interval '594 millisecond', 59.12);
INSERT INTO float_archive(key, fix, value) VALUES(67, NOW() + interval '268 millisecond', 34.9);
INSERT INTO float_archive(key, fix, value) VALUES(68, NOW() + interval '748 millisecond', 32.52);
INSERT INTO float_archive(key, fix, value) VALUES(69, NOW() + interval '138 millisecond', 24.26);
INSERT INTO float_archive(key, fix, value) VALUES(70, NOW() + interval '140 millisecond', 5.87);
INSERT INTO float_archive(key, fix, value) VALUES(71, NOW() + interval '355 millisecond', 87.7);
INSERT INTO float_archive(key, fix, value) VALUES(72, NOW() + interval '648 millisecond', 122.52);
INSERT INTO float_archive(key, fix, value) VALUES(73, NOW() + interval '146 millisecond', 129.38);
INSERT INTO float_archive(key, fix, value) VALUES(74, NOW() + interval '148 millisecond', 35.79);
INSERT INTO float_archive(key, fix, value) VALUES(75, NOW() + interval '900 millisecond', 14.19);
INSERT INTO float_archive(key, fix, value) VALUES(76, NOW() + interval '304 millisecond', 110.29);
INSERT INTO float_archive(key, fix, value) VALUES(77, NOW() + interval '1078 millisecond', 125.66);
INSERT INTO float_archive(key, fix, value) VALUES(78, NOW() + interval '858 millisecond', 16.9);
INSERT INTO float_archive(key, fix, value) VALUES(79, NOW() + interval '1027 millisecond', 70.96);
INSERT INTO float_archive(key, fix, value) VALUES(80, NOW() + interval '160 millisecond', 134.23);
INSERT INTO float_archive(key, fix, value) VALUES(81, NOW() + interval '972 millisecond', 27.93);
INSERT INTO float_archive(key, fix, value) VALUES(82, NOW() + interval '902 millisecond', 113.72);
INSERT INTO float_archive(key, fix, value) VALUES(83, NOW() + interval '1079 millisecond', 69.37);
INSERT INTO float_archive(key, fix, value) VALUES(84, NOW() + interval '588 millisecond', 15.8);
INSERT INTO float_archive(key, fix, value) VALUES(85, NOW() + interval '340 millisecond', 2.96);
INSERT INTO float_archive(key, fix, value) VALUES(86, NOW() + interval '430 millisecond', 81.24);
INSERT INTO float_archive(key, fix, value) VALUES(87, NOW() + interval '1044 millisecond', 56.4);
INSERT INTO float_archive(key, fix, value) VALUES(88, NOW() + interval '352 millisecond', 127.72);
INSERT INTO float_archive(key, fix, value) VALUES(89, NOW() + interval '267 millisecond', 21.94);
INSERT INTO float_archive(key, fix, value) VALUES(90, NOW() + interval '630 millisecond', 108.28);
INSERT INTO float_archive(key, fix, value) VALUES(91, NOW() + interval '1183 millisecond', 120.61);
INSERT INTO float_archive(key, fix, value) VALUES(92, NOW() + interval '368 millisecond', 90.48);
INSERT INTO float_archive(key, fix, value) VALUES(93, NOW() + interval '1023 millisecond', 122.11);
INSERT INTO float_archive(key, fix, value) VALUES(94, NOW() + interval '658 millisecond', 52.89);
INSERT INTO float_archive(key, fix, value) VALUES(95, NOW() + interval '665 millisecond', 88.7);
INSERT INTO float_archive(key, fix, value) VALUES(96, NOW() + interval '480 millisecond', 89.56);
INSERT INTO float_archive(key, fix, value) VALUES(97, NOW() + interval '291 millisecond', 26.12);
INSERT INTO float_archive(key, fix, value) VALUES(98, NOW() + interval '392 millisecond', 16.43);
INSERT INTO float_archive(key, fix, value) VALUES(99, NOW() + interval '1188 millisecond', 121.73);
INSERT INTO float_archive(key, fix, value) VALUES(100, NOW() + interval '1400 millisecond', 85.22);
INSERT INTO float_archive(key, fix, value) VALUES(101, NOW() + interval '707 millisecond', 135.4);
INSERT INTO float_archive(key, fix, value) VALUES(102, NOW() + interval '204 millisecond', 115.42);
INSERT INTO float_archive(key, fix, value) VALUES(103, NOW() + interval '1133 millisecond', 90.98);
INSERT INTO float_archive(key, fix, value) VALUES(104, NOW() + interval '1352 millisecond', 81.56);
INSERT INTO float_archive(key, fix, value) VALUES(105, NOW() + interval '1050 millisecond', 128.52);
INSERT INTO float_archive(key, fix, value) VALUES(106, NOW() + interval '1484 millisecond', 111.88);
INSERT INTO float_archive(key, fix, value) VALUES(107, NOW() + interval '214 millisecond', 42.73);
INSERT INTO float_archive(key, fix, value) VALUES(108, NOW() + interval '216 millisecond', 4.3);
INSERT INTO float_archive(key, fix, value) VALUES(109, NOW() + interval '1526 millisecond', 24.56);
INSERT INTO float_archive(key, fix, value) VALUES(110, NOW() + interval '220 millisecond', 7.94);
INSERT INTO float_archive(key, fix, value) VALUES(111, NOW() + interval '111 millisecond', 12.19);
INSERT INTO float_archive(key, fix, value) VALUES(112, NOW() + interval '1008 millisecond', 88.58);
INSERT INTO float_archive(key, fix, value) VALUES(113, NOW() + interval '1130 millisecond', 103.7);
INSERT INTO float_archive(key, fix, value) VALUES(114, NOW() + interval '798 millisecond', 99.88);
INSERT INTO float_archive(key, fix, value) VALUES(115, NOW() + interval '460 millisecond', 12.28);
INSERT INTO float_archive(key, fix, value) VALUES(116, NOW() + interval '232 millisecond', 42.73);
INSERT INTO float_archive(key, fix, value) VALUES(117, NOW() + interval '468 millisecond', 120.35);
INSERT INTO float_archive(key, fix, value) VALUES(118, NOW() + interval '590 millisecond', 135.43);
INSERT INTO float_archive(key, fix, value) VALUES(119, NOW() + interval '1428 millisecond', 60.86);
INSERT INTO float_archive(key, fix, value) VALUES(120, NOW() + interval '1440 millisecond', 15.09);
INSERT INTO float_archive(key, fix, value) VALUES(121, NOW() + interval '1694 millisecond', 131.49);
INSERT INTO float_archive(key, fix, value) VALUES(122, NOW() + interval '1220 millisecond', 86.16);
INSERT INTO float_archive(key, fix, value) VALUES(123, NOW() + interval '1107 millisecond', 78.73);
INSERT INTO float_archive(key, fix, value) VALUES(124, NOW() + interval '992 millisecond', 122.41);
INSERT INTO float_archive(key, fix, value) VALUES(125, NOW() + interval '375 millisecond', 24.43);
INSERT INTO float_archive(key, fix, value) VALUES(126, NOW() + interval '378 millisecond', 95.87);
INSERT INTO float_archive(key, fix, value) VALUES(127, NOW() + interval '1397 millisecond', 132.31);
INSERT INTO float_archive(key, fix, value) VALUES(128, NOW() + interval '1152 millisecond', 55.74);
INSERT INTO float_archive(key, fix, value) VALUES(129, NOW() + interval '645 millisecond', 61.84);
INSERT INTO float_archive(key, fix, value) VALUES(130, NOW() + interval '260 millisecond', 9.12);
INSERT INTO float_archive(key, fix, value) VALUES(131, NOW() + interval '524 millisecond', 32.17);
INSERT INTO float_archive(key, fix, value) VALUES(132, NOW() + interval '792 millisecond', 88.31);
INSERT INTO float_archive(key, fix, value) VALUES(133, NOW() + interval '1596 millisecond', 101.6);
INSERT INTO float_archive(key, fix, value) VALUES(134, NOW() + interval '1206 millisecond', 36.94);
INSERT INTO float_archive(key, fix, value) VALUES(135, NOW() + interval '1890 millisecond', 19.87);
INSERT INTO float_archive(key, fix, value) VALUES(136, NOW() + interval '544 millisecond', 82.7);
INSERT INTO float_archive(key, fix, value) VALUES(137, NOW() + interval '685 millisecond', 140.34);
INSERT INTO float_archive(key, fix, value) VALUES(138, NOW() + interval '414 millisecond', 16.73);
INSERT INTO float_archive(key, fix, value) VALUES(139, NOW() + interval '834 millisecond', 6.85);
INSERT INTO float_archive(key, fix, value) VALUES(140, NOW() + interval '1960 millisecond', 25.52);
INSERT INTO float_archive(key, fix, value) VALUES(141, NOW() + interval '423 millisecond', 85.58);
INSERT INTO float_archive(key, fix, value) VALUES(142, NOW() + interval '1278 millisecond', 6.89);
INSERT INTO float_archive(key, fix, value) VALUES(143, NOW() + interval '2002 millisecond', 59.19);
INSERT INTO float_archive(key, fix, value) VALUES(144, NOW() + interval '1152 millisecond', 41.28);
INSERT INTO float_archive(key, fix, value) VALUES(145, NOW() + interval '725 millisecond', 132.38);
INSERT INTO float_archive(key, fix, value) VALUES(146, NOW() + interval '1314 millisecond', 56.13);
INSERT INTO float_archive(key, fix, value) VALUES(147, NOW() + interval '882 millisecond', 116.3);
INSERT INTO float_archive(key, fix, value) VALUES(148, NOW() + interval '1924 millisecond', 105.65);
INSERT INTO float_archive(key, fix, value) VALUES(149, NOW() + interval '1192 millisecond', 11.77);
INSERT INTO float_archive(key, fix, value) VALUES(150, NOW() + interval '1650 millisecond', 134.66);
INSERT INTO float_archive(key, fix, value) VALUES(151, NOW() + interval '2114 millisecond', 43.1);
INSERT INTO float_archive(key, fix, value) VALUES(152, NOW() + interval '1824 millisecond', 142.84);
INSERT INTO float_archive(key, fix, value) VALUES(153, NOW() + interval '2142 millisecond', 82.08);
INSERT INTO float_archive(key, fix, value) VALUES(154, NOW() + interval '924 millisecond', 117.86);
INSERT INTO float_archive(key, fix, value) VALUES(155, NOW() + interval '1860 millisecond', 68.04);
INSERT INTO float_archive(key, fix, value) VALUES(156, NOW() + interval '2184 millisecond', 39.17);
INSERT INTO float_archive(key, fix, value) VALUES(157, NOW() + interval '1099 millisecond', 133.43);
INSERT INTO float_archive(key, fix, value) VALUES(158, NOW() + interval '2054 millisecond', 89.3);
INSERT INTO float_archive(key, fix, value) VALUES(159, NOW() + interval '1590 millisecond', 46.99);
INSERT INTO float_archive(key, fix, value) VALUES(160, NOW() + interval '1600 millisecond', 62.03);
INSERT INTO float_archive(key, fix, value) VALUES(161, NOW() + interval '644 millisecond', 44.78);
INSERT INTO float_archive(key, fix, value) VALUES(162, NOW() + interval '2268 millisecond', 14.14);
INSERT INTO float_archive(key, fix, value) VALUES(163, NOW() + interval '1304 millisecond', 122.11);
INSERT INTO float_archive(key, fix, value) VALUES(164, NOW() + interval '656 millisecond', 74.74);
INSERT INTO float_archive(key, fix, value) VALUES(165, NOW() + interval '330 millisecond', 56.36);
INSERT INTO float_archive(key, fix, value) VALUES(166, NOW() + interval '1494 millisecond', 48.12);
INSERT INTO float_archive(key, fix, value) VALUES(167, NOW() + interval '835 millisecond', 9.56);
INSERT INTO float_archive(key, fix, value) VALUES(168, NOW() + interval '672 millisecond', 128.32);
INSERT INTO float_archive(key, fix, value) VALUES(169, NOW() + interval '1859 millisecond', 86.23);
INSERT INTO float_archive(key, fix, value) VALUES(170, NOW() + interval '510 millisecond', 57.32);
INSERT INTO float_archive(key, fix, value) VALUES(171, NOW() + interval '342 millisecond', 102.7);
INSERT INTO float_archive(key, fix, value) VALUES(172, NOW() + interval '1204 millisecond', 115.31);
INSERT INTO float_archive(key, fix, value) VALUES(173, NOW() + interval '2249 millisecond', 53.88);
INSERT INTO float_archive(key, fix, value) VALUES(174, NOW() + interval '2436 millisecond', 60.39);
INSERT INTO float_archive(key, fix, value) VALUES(175, NOW() + interval '2275 millisecond', 42.79);
INSERT INTO float_archive(key, fix, value) VALUES(176, NOW() + interval '352 millisecond', 34.26);
INSERT INTO float_archive(key, fix, value) VALUES(177, NOW() + interval '1239 millisecond', 50.68);
INSERT INTO float_archive(key, fix, value) VALUES(178, NOW() + interval '1958 millisecond', 95.66);
INSERT INTO float_archive(key, fix, value) VALUES(179, NOW() + interval '895 millisecond', 109.52);
INSERT INTO float_archive(key, fix, value) VALUES(180, NOW() + interval '1440 millisecond', 15.99);
INSERT INTO float_archive(key, fix, value) VALUES(181, NOW() + interval '905 millisecond', 122);
INSERT INTO float_archive(key, fix, value) VALUES(182, NOW() + interval '2002 millisecond', 61.7);
INSERT INTO float_archive(key, fix, value) VALUES(183, NOW() + interval '2379 millisecond', 95.5);
INSERT INTO float_archive(key, fix, value) VALUES(184, NOW() + interval '2576 millisecond', 55.84);
INSERT INTO float_archive(key, fix, value) VALUES(185, NOW() + interval '1850 millisecond', 1.27);
INSERT INTO float_archive(key, fix, value) VALUES(186, NOW() + interval '2418 millisecond', 8.77);
INSERT INTO float_archive(key, fix, value) VALUES(187, NOW() + interval '748 millisecond', 39.35);
INSERT INTO float_archive(key, fix, value) VALUES(188, NOW() + interval '1128 millisecond', 70.24);
INSERT INTO float_archive(key, fix, value) VALUES(189, NOW() + interval '2268 millisecond', 30.18);
INSERT INTO float_archive(key, fix, value) VALUES(190, NOW() + interval '570 millisecond', 20.71);
INSERT INTO float_archive(key, fix, value) VALUES(191, NOW() + interval '2483 millisecond', 120.4);
INSERT INTO float_archive(key, fix, value) VALUES(192, NOW() + interval '1728 millisecond', 113.22);
INSERT INTO float_archive(key, fix, value) VALUES(193, NOW() + interval '965 millisecond', 48.99);
INSERT INTO float_archive(key, fix, value) VALUES(194, NOW() + interval '2522 millisecond', 135.37);
INSERT INTO float_archive(key, fix, value) VALUES(195, NOW() + interval '975 millisecond', 81.31);
INSERT INTO float_archive(key, fix, value) VALUES(196, NOW() + interval '1764 millisecond', 144.3);
INSERT INTO float_archive(key, fix, value) VALUES(197, NOW() + interval '591 millisecond', 144.7);
INSERT INTO float_archive(key, fix, value) VALUES(198, NOW() + interval '396 millisecond', 32.37);
INSERT INTO float_archive(key, fix, value) VALUES(199, NOW() + interval '2786 millisecond', 9.28);
INSERT INTO float_archive(key, fix, value) VALUES(200, NOW() + interval '2600 millisecond', 41.03);
INSERT INTO float_archive(key, fix, value) VALUES(201, NOW() + interval '1206 millisecond', 82.67);
INSERT INTO float_archive(key, fix, value) VALUES(202, NOW() + interval '2020 millisecond', 133.21);
INSERT INTO float_archive(key, fix, value) VALUES(203, NOW() + interval '1421 millisecond', 5.52);
INSERT INTO float_archive(key, fix, value) VALUES(204, NOW() + interval '204 millisecond', 23.51);
INSERT INTO float_archive(key, fix, value) VALUES(205, NOW() + interval '2870 millisecond', 39.25);
INSERT INTO float_archive(key, fix, value) VALUES(206, NOW() + interval '2472 millisecond', 15.21);
INSERT INTO float_archive(key, fix, value) VALUES(207, NOW() + interval '1863 millisecond', 51.19);
INSERT INTO float_archive(key, fix, value) VALUES(208, NOW() + interval '832 millisecond', 72.8);
INSERT INTO float_archive(key, fix, value) VALUES(209, NOW() + interval '836 millisecond', 140.53);
INSERT INTO float_archive(key, fix, value) VALUES(210, NOW() + interval '630 millisecond', 83.58);
INSERT INTO float_archive(key, fix, value) VALUES(211, NOW() + interval '2321 millisecond', 9.66);
INSERT INTO float_archive(key, fix, value) VALUES(212, NOW() + interval '424 millisecond', 22.91);
INSERT INTO float_archive(key, fix, value) VALUES(213, NOW() + interval '1491 millisecond', 127.22);
INSERT INTO float_archive(key, fix, value) VALUES(214, NOW() + interval '2996 millisecond', 33.5);
INSERT INTO float_archive(key, fix, value) VALUES(215, NOW() + interval '860 millisecond', 23.08);
INSERT INTO float_archive(key, fix, value) VALUES(216, NOW() + interval '1728 millisecond', 112.29);
INSERT INTO float_archive(key, fix, value) VALUES(217, NOW() + interval '1085 millisecond', 128.48);
INSERT INTO float_archive(key, fix, value) VALUES(218, NOW() + interval '2398 millisecond', 48.7);
INSERT INTO float_archive(key, fix, value) VALUES(219, NOW() + interval '657 millisecond', 98.94);
INSERT INTO float_archive(key, fix, value) VALUES(220, NOW() + interval '1320 millisecond', 40.19);
INSERT INTO float_archive(key, fix, value) VALUES(221, NOW() + interval '1105 millisecond', 109.51);
INSERT INTO float_archive(key, fix, value) VALUES(222, NOW() + interval '3108 millisecond', 8.59);
INSERT INTO float_archive(key, fix, value) VALUES(223, NOW() + interval '2453 millisecond', 71.37);
INSERT INTO float_archive(key, fix, value) VALUES(224, NOW() + interval '1344 millisecond', 110.92);
INSERT INTO float_archive(key, fix, value) VALUES(225, NOW() + interval '2700 millisecond', 83.22);
INSERT INTO float_archive(key, fix, value) VALUES(226, NOW() + interval '3164 millisecond', 144.44);
INSERT INTO float_archive(key, fix, value) VALUES(227, NOW() + interval '3178 millisecond', 46.92);
INSERT INTO float_archive(key, fix, value) VALUES(228, NOW() + interval '1824 millisecond', 46.96);
INSERT INTO float_archive(key, fix, value) VALUES(229, NOW() + interval '1832 millisecond', 81.03);
INSERT INTO float_archive(key, fix, value) VALUES(230, NOW() + interval '1840 millisecond', 80.09);
INSERT INTO float_archive(key, fix, value) VALUES(231, NOW() + interval '462 millisecond', 114.45);
INSERT INTO float_archive(key, fix, value) VALUES(232, NOW() + interval '3248 millisecond', 119.93);
INSERT INTO float_archive(key, fix, value) VALUES(233, NOW() + interval '2563 millisecond', 9.57);
INSERT INTO float_archive(key, fix, value) VALUES(234, NOW() + interval '2808 millisecond', 103.43);
INSERT INTO float_archive(key, fix, value) VALUES(235, NOW() + interval '2115 millisecond', 127.82);
INSERT INTO float_archive(key, fix, value) VALUES(236, NOW() + interval '1416 millisecond', 82.8);
INSERT INTO float_archive(key, fix, value) VALUES(237, NOW() + interval '2133 millisecond', 123.56);
INSERT INTO float_archive(key, fix, value) VALUES(238, NOW() + interval '952 millisecond', 144.87);
INSERT INTO float_archive(key, fix, value) VALUES(239, NOW() + interval '717 millisecond', 3.04);
INSERT INTO float_archive(key, fix, value) VALUES(240, NOW() + interval '1680 millisecond', 135.22);
INSERT INTO integer_actual(key, fix, value) VALUES(1, NOW() + interval '7 millisecond', 27.65);
INSERT INTO integer_actual(key, fix, value) VALUES(2, NOW() + interval '14 millisecond', 92.01);
INSERT INTO integer_actual(key, fix, value) VALUES(3, NOW() + interval '12 millisecond', 76.85);
INSERT INTO integer_actual(key, fix, value) VALUES(4, NOW() + interval '48 millisecond', 144.65);
INSERT INTO integer_actual(key, fix, value) VALUES(5, NOW() + interval '30 millisecond', 64.9);
INSERT INTO integer_actual(key, fix, value) VALUES(6, NOW() + interval '72 millisecond', 83.21);
INSERT INTO integer_actual(key, fix, value) VALUES(7, NOW() + interval '28 millisecond', 117.72);
INSERT INTO integer_actual(key, fix, value) VALUES(8, NOW() + interval '32 millisecond', 78.48);
INSERT INTO integer_actual(key, fix, value) VALUES(9, NOW() + interval '108 millisecond', 20.2);
INSERT INTO integer_actual(key, fix, value) VALUES(10, NOW() + interval '50 millisecond', 97.66);
INSERT INTO integer_actual(key, fix, value) VALUES(11, NOW() + interval '110 millisecond', 100.85);
INSERT INTO integer_actual(key, fix, value) VALUES(12, NOW() + interval '36 millisecond', 132.26);
INSERT INTO integer_actual(key, fix, value) VALUES(13, NOW() + interval '52 millisecond', 59.73);
INSERT INTO integer_actual(key, fix, value) VALUES(14, NOW() + interval '84 millisecond', 13.86);
INSERT INTO integer_actual(key, fix, value) VALUES(15, NOW() + interval '30 millisecond', 77.8);
INSERT INTO integer_actual(key, fix, value) VALUES(16, NOW() + interval '64 millisecond', 71.63);
INSERT INTO integer_actual(key, fix, value) VALUES(17, NOW() + interval '51 millisecond', 83.3);
INSERT INTO integer_actual(key, fix, value) VALUES(18, NOW() + interval '36 millisecond', 131.2);
INSERT INTO integer_actual(key, fix, value) VALUES(19, NOW() + interval '114 millisecond', 48.17);
INSERT INTO integer_actual(key, fix, value) VALUES(20, NOW() + interval '200 millisecond', 33);
INSERT INTO integer_actual(key, fix, value) VALUES(21, NOW() + interval '84 millisecond', 115.02);
INSERT INTO integer_actual(key, fix, value) VALUES(22, NOW() + interval '132 millisecond', 22.2);
INSERT INTO integer_actual(key, fix, value) VALUES(23, NOW() + interval '46 millisecond', 117.26);
INSERT INTO integer_actual(key, fix, value) VALUES(24, NOW() + interval '144 millisecond', 116.9);
INSERT INTO integer_actual(key, fix, value) VALUES(25, NOW() + interval '250 millisecond', 104.07);
INSERT INTO integer_actual(key, fix, value) VALUES(26, NOW() + interval '104 millisecond', 141.23);
INSERT INTO integer_actual(key, fix, value) VALUES(27, NOW() + interval '270 millisecond', 109.92);
INSERT INTO integer_actual(key, fix, value) VALUES(28, NOW() + interval '112 millisecond', 113.98);
INSERT INTO integer_actual(key, fix, value) VALUES(29, NOW() + interval '29 millisecond', 77.19);
INSERT INTO integer_actual(key, fix, value) VALUES(30, NOW() + interval '210 millisecond', 112.72);
INSERT INTO integer_actual(key, fix, value) VALUES(31, NOW() + interval '93 millisecond', 108.79);
INSERT INTO integer_actual(key, fix, value) VALUES(32, NOW() + interval '416 millisecond', 119.91);
INSERT INTO integer_actual(key, fix, value) VALUES(33, NOW() + interval '132 millisecond', 50.17);
INSERT INTO integer_actual(key, fix, value) VALUES(34, NOW() + interval '238 millisecond', 89.02);
INSERT INTO integer_actual(key, fix, value) VALUES(35, NOW() + interval '385 millisecond', 42.05);
INSERT INTO integer_actual(key, fix, value) VALUES(36, NOW() + interval '144 millisecond', 68.92);
INSERT INTO integer_actual(key, fix, value) VALUES(37, NOW() + interval '296 millisecond', 13.52);
INSERT INTO integer_actual(key, fix, value) VALUES(38, NOW() + interval '266 millisecond', 132.71);
INSERT INTO integer_actual(key, fix, value) VALUES(39, NOW() + interval '234 millisecond', 5.27);
INSERT INTO integer_actual(key, fix, value) VALUES(40, NOW() + interval '480 millisecond', 57.4);
INSERT INTO integer_actual(key, fix, value) VALUES(41, NOW() + interval '41 millisecond', 84.82);
INSERT INTO integer_actual(key, fix, value) VALUES(42, NOW() + interval '294 millisecond', 52.2);
INSERT INTO integer_actual(key, fix, value) VALUES(43, NOW() + interval '258 millisecond', 36.19);
INSERT INTO integer_actual(key, fix, value) VALUES(44, NOW() + interval '484 millisecond', 55.42);
INSERT INTO integer_actual(key, fix, value) VALUES(45, NOW() + interval '270 millisecond', 43.17);
INSERT INTO integer_actual(key, fix, value) VALUES(46, NOW() + interval '598 millisecond', 119.71);
INSERT INTO integer_actual(key, fix, value) VALUES(47, NOW() + interval '611 millisecond', 126.66);
INSERT INTO integer_actual(key, fix, value) VALUES(48, NOW() + interval '96 millisecond', 70.04);
INSERT INTO integer_actual(key, fix, value) VALUES(49, NOW() + interval '637 millisecond', 77.7);
INSERT INTO integer_actual(key, fix, value) VALUES(50, NOW() + interval '650 millisecond', 103.62);
INSERT INTO integer_actual(key, fix, value) VALUES(51, NOW() + interval '306 millisecond', 113.36);
INSERT INTO integer_actual(key, fix, value) VALUES(52, NOW() + interval '104 millisecond', 56.05);
INSERT INTO integer_actual(key, fix, value) VALUES(53, NOW() + interval '424 millisecond', 106.62);
INSERT INTO integer_actual(key, fix, value) VALUES(54, NOW() + interval '432 millisecond', 90.78);
INSERT INTO integer_actual(key, fix, value) VALUES(55, NOW() + interval '275 millisecond', 46.68);
INSERT INTO integer_actual(key, fix, value) VALUES(56, NOW() + interval '392 millisecond', 142.7);
INSERT INTO integer_actual(key, fix, value) VALUES(57, NOW() + interval '570 millisecond', 7.73);
INSERT INTO integer_actual(key, fix, value) VALUES(58, NOW() + interval '638 millisecond', 82.2);
INSERT INTO integer_actual(key, fix, value) VALUES(59, NOW() + interval '295 millisecond', 83.95);
INSERT INTO integer_actual(key, fix, value) VALUES(60, NOW() + interval '480 millisecond', 143.18);
INSERT INTO integer_actual(key, fix, value) VALUES(61, NOW() + interval '549 millisecond', 10.21);
INSERT INTO integer_actual(key, fix, value) VALUES(62, NOW() + interval '310 millisecond', 65.16);
INSERT INTO integer_actual(key, fix, value) VALUES(63, NOW() + interval '378 millisecond', 53.78);
INSERT INTO integer_actual(key, fix, value) VALUES(64, NOW() + interval '576 millisecond', 90.19);
INSERT INTO integer_actual(key, fix, value) VALUES(65, NOW() + interval '65 millisecond', 140.69);
INSERT INTO integer_actual(key, fix, value) VALUES(66, NOW() + interval '132 millisecond', 117.44);
INSERT INTO integer_actual(key, fix, value) VALUES(67, NOW() + interval '201 millisecond', 22.63);
INSERT INTO integer_actual(key, fix, value) VALUES(68, NOW() + interval '136 millisecond', 35.9);
INSERT INTO integer_actual(key, fix, value) VALUES(69, NOW() + interval '552 millisecond', 7.49);
INSERT INTO integer_actual(key, fix, value) VALUES(70, NOW() + interval '840 millisecond', 87.53);
INSERT INTO integer_actual(key, fix, value) VALUES(71, NOW() + interval '781 millisecond', 24.32);
INSERT INTO integer_actual(key, fix, value) VALUES(72, NOW() + interval '144 millisecond', 5);
INSERT INTO integer_actual(key, fix, value) VALUES(73, NOW() + interval '876 millisecond', 132.44);
INSERT INTO integer_actual(key, fix, value) VALUES(74, NOW() + interval '222 millisecond', 123.09);
INSERT INTO integer_actual(key, fix, value) VALUES(75, NOW() + interval '225 millisecond', 75.67);
INSERT INTO integer_actual(key, fix, value) VALUES(76, NOW() + interval '228 millisecond', 42.68);
INSERT INTO integer_actual(key, fix, value) VALUES(77, NOW() + interval '154 millisecond', 135.66);
INSERT INTO integer_actual(key, fix, value) VALUES(78, NOW() + interval '234 millisecond', 45.06);
INSERT INTO integer_actual(key, fix, value) VALUES(79, NOW() + interval '632 millisecond', 91.18);
INSERT INTO integer_actual(key, fix, value) VALUES(80, NOW() + interval '1120 millisecond', 24.58);
INSERT INTO integer_actual(key, fix, value) VALUES(81, NOW() + interval '243 millisecond', 126.09);
INSERT INTO integer_actual(key, fix, value) VALUES(82, NOW() + interval '738 millisecond', 50.39);
INSERT INTO integer_actual(key, fix, value) VALUES(83, NOW() + interval '415 millisecond', 93.3);
INSERT INTO integer_actual(key, fix, value) VALUES(84, NOW() + interval '1092 millisecond', 76.09);
INSERT INTO integer_actual(key, fix, value) VALUES(85, NOW() + interval '170 millisecond', 75.35);
INSERT INTO integer_actual(key, fix, value) VALUES(86, NOW() + interval '172 millisecond', 41.41);
INSERT INTO integer_actual(key, fix, value) VALUES(87, NOW() + interval '957 millisecond', 130.14);
INSERT INTO integer_actual(key, fix, value) VALUES(88, NOW() + interval '352 millisecond', 58.52);
INSERT INTO integer_actual(key, fix, value) VALUES(89, NOW() + interval '1246 millisecond', 35.98);
INSERT INTO integer_actual(key, fix, value) VALUES(90, NOW() + interval '810 millisecond', 70.5);
INSERT INTO integer_actual(key, fix, value) VALUES(91, NOW() + interval '364 millisecond', 106.91);
INSERT INTO integer_actual(key, fix, value) VALUES(92, NOW() + interval '736 millisecond', 71.88);
INSERT INTO integer_actual(key, fix, value) VALUES(93, NOW() + interval '1116 millisecond', 111.16);
INSERT INTO integer_actual(key, fix, value) VALUES(94, NOW() + interval '1034 millisecond', 26.78);
INSERT INTO integer_actual(key, fix, value) VALUES(95, NOW() + interval '1330 millisecond', 104.84);
INSERT INTO integer_actual(key, fix, value) VALUES(96, NOW() + interval '1056 millisecond', 129.21);
INSERT INTO integer_actual(key, fix, value) VALUES(97, NOW() + interval '194 millisecond', 97.03);
INSERT INTO integer_actual(key, fix, value) VALUES(98, NOW() + interval '686 millisecond', 129.84);
INSERT INTO integer_actual(key, fix, value) VALUES(99, NOW() + interval '792 millisecond', 105.84);
INSERT INTO integer_actual(key, fix, value) VALUES(100, NOW() + interval '1100 millisecond', 31.03);
INSERT INTO integer_actual(key, fix, value) VALUES(101, NOW() + interval '202 millisecond', 92.67);
INSERT INTO integer_actual(key, fix, value) VALUES(102, NOW() + interval '1224 millisecond', 87.84);
INSERT INTO integer_actual(key, fix, value) VALUES(103, NOW() + interval '721 millisecond', 127.5);
INSERT INTO integer_actual(key, fix, value) VALUES(104, NOW() + interval '832 millisecond', 21.8);
INSERT INTO integer_actual(key, fix, value) VALUES(105, NOW() + interval '1050 millisecond', 110.03);
INSERT INTO integer_actual(key, fix, value) VALUES(106, NOW() + interval '530 millisecond', 40.04);
INSERT INTO integer_actual(key, fix, value) VALUES(107, NOW() + interval '214 millisecond', 74.5);
INSERT INTO integer_actual(key, fix, value) VALUES(108, NOW() + interval '1512 millisecond', 61.61);
INSERT INTO integer_actual(key, fix, value) VALUES(109, NOW() + interval '654 millisecond', 19.13);
INSERT INTO integer_actual(key, fix, value) VALUES(110, NOW() + interval '880 millisecond', 73.57);
INSERT INTO integer_actual(key, fix, value) VALUES(111, NOW() + interval '1443 millisecond', 101.25);
INSERT INTO integer_actual(key, fix, value) VALUES(112, NOW() + interval '896 millisecond', 44.89);
INSERT INTO integer_actual(key, fix, value) VALUES(113, NOW() + interval '1356 millisecond', 24.5);
INSERT INTO integer_actual(key, fix, value) VALUES(114, NOW() + interval '456 millisecond', 13.08);
INSERT INTO integer_actual(key, fix, value) VALUES(115, NOW() + interval '805 millisecond', 49.31);
INSERT INTO integer_actual(key, fix, value) VALUES(116, NOW() + interval '1392 millisecond', 40.03);
INSERT INTO integer_actual(key, fix, value) VALUES(117, NOW() + interval '936 millisecond', 57.57);
INSERT INTO integer_actual(key, fix, value) VALUES(118, NOW() + interval '826 millisecond', 84.24);
INSERT INTO integer_actual(key, fix, value) VALUES(119, NOW() + interval '1547 millisecond', 131.06);
INSERT INTO integer_actual(key, fix, value) VALUES(120, NOW() + interval '240 millisecond', 136.18);
INSERT INTO integer_actual(key, fix, value) VALUES(121, NOW() + interval '484 millisecond', 91.47);
INSERT INTO integer_actual(key, fix, value) VALUES(122, NOW() + interval '854 millisecond', 35.95);
INSERT INTO integer_actual(key, fix, value) VALUES(123, NOW() + interval '861 millisecond', 67.61);
INSERT INTO integer_actual(key, fix, value) VALUES(124, NOW() + interval '1612 millisecond', 79.88);
INSERT INTO integer_actual(key, fix, value) VALUES(125, NOW() + interval '1375 millisecond', 5.16);
INSERT INTO integer_actual(key, fix, value) VALUES(126, NOW() + interval '1008 millisecond', 61.96);
INSERT INTO integer_actual(key, fix, value) VALUES(127, NOW() + interval '508 millisecond', 38.6);
INSERT INTO integer_actual(key, fix, value) VALUES(128, NOW() + interval '768 millisecond', 50.94);
INSERT INTO integer_actual(key, fix, value) VALUES(129, NOW() + interval '387 millisecond', 76.25);
INSERT INTO integer_actual(key, fix, value) VALUES(130, NOW() + interval '1560 millisecond', 45.22);
INSERT INTO integer_actual(key, fix, value) VALUES(131, NOW() + interval '1310 millisecond', 67.26);
INSERT INTO integer_actual(key, fix, value) VALUES(132, NOW() + interval '1320 millisecond', 54.98);
INSERT INTO integer_actual(key, fix, value) VALUES(133, NOW() + interval '1729 millisecond', 6.93);
INSERT INTO integer_actual(key, fix, value) VALUES(134, NOW() + interval '1608 millisecond', 92.78);
INSERT INTO integer_actual(key, fix, value) VALUES(135, NOW() + interval '270 millisecond', 55.32);
INSERT INTO integer_actual(key, fix, value) VALUES(136, NOW() + interval '1088 millisecond', 68.02);
INSERT INTO integer_actual(key, fix, value) VALUES(137, NOW() + interval '411 millisecond', 86.56);
INSERT INTO integer_actual(key, fix, value) VALUES(138, NOW() + interval '690 millisecond', 36.34);
INSERT INTO integer_actual(key, fix, value) VALUES(139, NOW() + interval '556 millisecond', 41.93);
INSERT INTO integer_actual(key, fix, value) VALUES(140, NOW() + interval '1820 millisecond', 47.85);
INSERT INTO integer_actual(key, fix, value) VALUES(141, NOW() + interval '705 millisecond', 99.05);
INSERT INTO integer_actual(key, fix, value) VALUES(142, NOW() + interval '852 millisecond', 61.85);
INSERT INTO integer_actual(key, fix, value) VALUES(143, NOW() + interval '1716 millisecond', 63.25);
INSERT INTO integer_actual(key, fix, value) VALUES(144, NOW() + interval '288 millisecond', 32.98);
INSERT INTO integer_actual(key, fix, value) VALUES(145, NOW() + interval '290 millisecond', 15.15);
INSERT INTO integer_actual(key, fix, value) VALUES(146, NOW() + interval '1022 millisecond', 57.29);
INSERT INTO integer_actual(key, fix, value) VALUES(147, NOW() + interval '294 millisecond', 104.7);
INSERT INTO integer_actual(key, fix, value) VALUES(148, NOW() + interval '740 millisecond', 111.33);
INSERT INTO integer_actual(key, fix, value) VALUES(149, NOW() + interval '1937 millisecond', 15.28);
INSERT INTO integer_actual(key, fix, value) VALUES(150, NOW() + interval '900 millisecond', 54.59);
INSERT INTO integer_actual(key, fix, value) VALUES(151, NOW() + interval '1510 millisecond', 33.85);
INSERT INTO integer_actual(key, fix, value) VALUES(152, NOW() + interval '1216 millisecond', 49.92);
INSERT INTO integer_actual(key, fix, value) VALUES(153, NOW() + interval '1224 millisecond', 10.5);
INSERT INTO integer_actual(key, fix, value) VALUES(154, NOW() + interval '770 millisecond', 88.44);
INSERT INTO integer_actual(key, fix, value) VALUES(155, NOW() + interval '2170 millisecond', 14.66);
INSERT INTO integer_actual(key, fix, value) VALUES(156, NOW() + interval '468 millisecond', 120.63);
INSERT INTO integer_actual(key, fix, value) VALUES(157, NOW() + interval '1413 millisecond', 72.29);
INSERT INTO integer_actual(key, fix, value) VALUES(158, NOW() + interval '158 millisecond', 141.42);
INSERT INTO integer_actual(key, fix, value) VALUES(159, NOW() + interval '318 millisecond', 40.72);
INSERT INTO integer_actual(key, fix, value) VALUES(160, NOW() + interval '1440 millisecond', 69.34);
INSERT INTO integer_actual(key, fix, value) VALUES(161, NOW() + interval '2254 millisecond', 83.24);
INSERT INTO integer_actual(key, fix, value) VALUES(162, NOW() + interval '1458 millisecond', 141.03);
INSERT INTO integer_actual(key, fix, value) VALUES(163, NOW() + interval '2119 millisecond', 18.55);
INSERT INTO integer_actual(key, fix, value) VALUES(164, NOW() + interval '984 millisecond', 56.4);
INSERT INTO integer_actual(key, fix, value) VALUES(165, NOW() + interval '825 millisecond', 75.55);
INSERT INTO integer_actual(key, fix, value) VALUES(166, NOW() + interval '830 millisecond', 19.34);
INSERT INTO integer_actual(key, fix, value) VALUES(167, NOW() + interval '2338 millisecond', 76.55);
INSERT INTO integer_actual(key, fix, value) VALUES(168, NOW() + interval '1680 millisecond', 11.79);
INSERT INTO integer_actual(key, fix, value) VALUES(169, NOW() + interval '676 millisecond', 5.69);
INSERT INTO integer_actual(key, fix, value) VALUES(170, NOW() + interval '2210 millisecond', 108.06);
INSERT INTO integer_actual(key, fix, value) VALUES(171, NOW() + interval '513 millisecond', 68.49);
INSERT INTO integer_actual(key, fix, value) VALUES(172, NOW() + interval '688 millisecond', 139.69);
INSERT INTO integer_actual(key, fix, value) VALUES(173, NOW() + interval '2422 millisecond', 92.96);
INSERT INTO integer_actual(key, fix, value) VALUES(174, NOW() + interval '1914 millisecond', 86.4);
INSERT INTO integer_actual(key, fix, value) VALUES(175, NOW() + interval '1925 millisecond', 46.18);
INSERT INTO integer_actual(key, fix, value) VALUES(176, NOW() + interval '1760 millisecond', 95.94);
INSERT INTO integer_actual(key, fix, value) VALUES(177, NOW() + interval '1416 millisecond', 125.91);
INSERT INTO integer_actual(key, fix, value) VALUES(178, NOW() + interval '1246 millisecond', 15.92);
INSERT INTO integer_actual(key, fix, value) VALUES(179, NOW() + interval '1790 millisecond', 74.56);
INSERT INTO integer_actual(key, fix, value) VALUES(180, NOW() + interval '1260 millisecond', 58.54);
INSERT INTO integer_actual(key, fix, value) VALUES(181, NOW() + interval '1810 millisecond', 136.35);
INSERT INTO integer_actual(key, fix, value) VALUES(182, NOW() + interval '910 millisecond', 68.07);
INSERT INTO integer_actual(key, fix, value) VALUES(183, NOW() + interval '2013 millisecond', 144.74);
INSERT INTO integer_actual(key, fix, value) VALUES(184, NOW() + interval '2392 millisecond', 16.33);
INSERT INTO integer_actual(key, fix, value) VALUES(185, NOW() + interval '2220 millisecond', 135.57);
INSERT INTO integer_actual(key, fix, value) VALUES(186, NOW() + interval '2046 millisecond', 9.6);
INSERT INTO integer_actual(key, fix, value) VALUES(187, NOW() + interval '1122 millisecond', 120.26);
INSERT INTO integer_actual(key, fix, value) VALUES(188, NOW() + interval '1128 millisecond', 73.4);
INSERT INTO integer_actual(key, fix, value) VALUES(189, NOW() + interval '1134 millisecond', 90.65);
INSERT INTO integer_actual(key, fix, value) VALUES(190, NOW() + interval '2660 millisecond', 40.68);
INSERT INTO integer_actual(key, fix, value) VALUES(191, NOW() + interval '1146 millisecond', 114.83);
INSERT INTO integer_actual(key, fix, value) VALUES(192, NOW() + interval '1920 millisecond', 144.68);
INSERT INTO integer_actual(key, fix, value) VALUES(193, NOW() + interval '2316 millisecond', 95.63);
INSERT INTO integer_actual(key, fix, value) VALUES(194, NOW() + interval '1746 millisecond', 12.66);
INSERT INTO integer_actual(key, fix, value) VALUES(195, NOW() + interval '585 millisecond', 80.55);
INSERT INTO integer_actual(key, fix, value) VALUES(196, NOW() + interval '1372 millisecond', 100.8);
INSERT INTO integer_actual(key, fix, value) VALUES(197, NOW() + interval '1773 millisecond', 73.99);
INSERT INTO integer_actual(key, fix, value) VALUES(198, NOW() + interval '396 millisecond', 26.04);
INSERT INTO integer_actual(key, fix, value) VALUES(199, NOW() + interval '597 millisecond', 113.19);
INSERT INTO integer_actual(key, fix, value) VALUES(200, NOW() + interval '800 millisecond', 142.36);
INSERT INTO integer_actual(key, fix, value) VALUES(201, NOW() + interval '2211 millisecond', 95.85);
INSERT INTO integer_actual(key, fix, value) VALUES(202, NOW() + interval '2222 millisecond', 113.67);
INSERT INTO integer_actual(key, fix, value) VALUES(203, NOW() + interval '1624 millisecond', 90.07);
INSERT INTO integer_actual(key, fix, value) VALUES(204, NOW() + interval '1020 millisecond', 102.73);
INSERT INTO integer_actual(key, fix, value) VALUES(205, NOW() + interval '1640 millisecond', 131.2);
INSERT INTO integer_actual(key, fix, value) VALUES(206, NOW() + interval '2266 millisecond', 4.77);
INSERT INTO integer_actual(key, fix, value) VALUES(207, NOW() + interval '1656 millisecond', 23.37);
INSERT INTO integer_actual(key, fix, value) VALUES(208, NOW() + interval '416 millisecond', 130.46);
INSERT INTO integer_actual(key, fix, value) VALUES(209, NOW() + interval '1045 millisecond', 44.79);
INSERT INTO integer_actual(key, fix, value) VALUES(210, NOW() + interval '1890 millisecond', 19.36);
INSERT INTO integer_actual(key, fix, value) VALUES(211, NOW() + interval '1266 millisecond', 117.16);
INSERT INTO integer_actual(key, fix, value) VALUES(212, NOW() + interval '2968 millisecond', 43.05);
INSERT INTO integer_actual(key, fix, value) VALUES(213, NOW() + interval '1704 millisecond', 13.04);
INSERT INTO integer_actual(key, fix, value) VALUES(214, NOW() + interval '1498 millisecond', 126.1);
INSERT INTO integer_actual(key, fix, value) VALUES(215, NOW() + interval '2365 millisecond', 28.68);
INSERT INTO integer_actual(key, fix, value) VALUES(216, NOW() + interval '1296 millisecond', 80.68);
INSERT INTO integer_actual(key, fix, value) VALUES(217, NOW() + interval '1519 millisecond', 3.47);
INSERT INTO integer_actual(key, fix, value) VALUES(218, NOW() + interval '1744 millisecond', 102.41);
INSERT INTO integer_actual(key, fix, value) VALUES(219, NOW() + interval '438 millisecond', 129.52);
INSERT INTO integer_actual(key, fix, value) VALUES(220, NOW() + interval '1540 millisecond', 33.58);
INSERT INTO integer_actual(key, fix, value) VALUES(221, NOW() + interval '1326 millisecond', 129.65);
INSERT INTO integer_actual(key, fix, value) VALUES(222, NOW() + interval '1998 millisecond', 32.65);
INSERT INTO integer_actual(key, fix, value) VALUES(223, NOW() + interval '2453 millisecond', 59.38);
INSERT INTO integer_actual(key, fix, value) VALUES(224, NOW() + interval '896 millisecond', 66.05);
INSERT INTO integer_actual(key, fix, value) VALUES(225, NOW() + interval '1575 millisecond', 24.21);
INSERT INTO integer_actual(key, fix, value) VALUES(226, NOW() + interval '2938 millisecond', 126.12);
INSERT INTO integer_actual(key, fix, value) VALUES(227, NOW() + interval '681 millisecond', 8.99);
INSERT INTO integer_actual(key, fix, value) VALUES(228, NOW() + interval '2052 millisecond', 137.88);
INSERT INTO integer_actual(key, fix, value) VALUES(229, NOW() + interval '2290 millisecond', 67.52);
INSERT INTO integer_actual(key, fix, value) VALUES(230, NOW() + interval '1150 millisecond', 67.08);
INSERT INTO integer_actual(key, fix, value) VALUES(231, NOW() + interval '693 millisecond', 61.65);
INSERT INTO integer_actual(key, fix, value) VALUES(232, NOW() + interval '3016 millisecond', 46.15);
INSERT INTO integer_actual(key, fix, value) VALUES(233, NOW() + interval '2097 millisecond', 33.26);
INSERT INTO integer_actual(key, fix, value) VALUES(234, NOW() + interval '2106 millisecond', 73.04);
INSERT INTO integer_actual(key, fix, value) VALUES(235, NOW() + interval '2350 millisecond', 49.76);
INSERT INTO integer_actual(key, fix, value) VALUES(236, NOW() + interval '2832 millisecond', 55.55);
INSERT INTO integer_actual(key, fix, value) VALUES(237, NOW() + interval '2844 millisecond', 58.61);
INSERT INTO integer_actual(key, fix, value) VALUES(238, NOW() + interval '2618 millisecond', 74.61);
INSERT INTO integer_actual(key, fix, value) VALUES(239, NOW() + interval '956 millisecond', 111.74);
INSERT INTO integer_actual(key, fix, value) VALUES(240, NOW() + interval '1920 millisecond', 15.7);
INSERT INTO integer_archive(key, fix, value) VALUES(1, NOW() + interval '13 millisecond', 1.91);
INSERT INTO integer_archive(key, fix, value) VALUES(2, NOW() + interval '12 millisecond', 89.16);
INSERT INTO integer_archive(key, fix, value) VALUES(3, NOW() + interval '15 millisecond', 68.25);
INSERT INTO integer_archive(key, fix, value) VALUES(4, NOW() + interval '24 millisecond', 56.96);
INSERT INTO integer_archive(key, fix, value) VALUES(5, NOW() + interval '35 millisecond', 83.8);
INSERT INTO integer_archive(key, fix, value) VALUES(6, NOW() + interval '12 millisecond', 84.51);
INSERT INTO integer_archive(key, fix, value) VALUES(7, NOW() + interval '63 millisecond', 145.26);
INSERT INTO integer_archive(key, fix, value) VALUES(8, NOW() + interval '16 millisecond', 138.13);
INSERT INTO integer_archive(key, fix, value) VALUES(9, NOW() + interval '126 millisecond', 39.44);
INSERT INTO integer_archive(key, fix, value) VALUES(10, NOW() + interval '100 millisecond', 81.12);
INSERT INTO integer_archive(key, fix, value) VALUES(11, NOW() + interval '132 millisecond', 99.02);
INSERT INTO integer_archive(key, fix, value) VALUES(12, NOW() + interval '144 millisecond', 19.83);
INSERT INTO integer_archive(key, fix, value) VALUES(13, NOW() + interval '65 millisecond', 77.33);
INSERT INTO integer_archive(key, fix, value) VALUES(14, NOW() + interval '14 millisecond', 110.17);
INSERT INTO integer_archive(key, fix, value) VALUES(15, NOW() + interval '75 millisecond', 11.27);
INSERT INTO integer_archive(key, fix, value) VALUES(16, NOW() + interval '176 millisecond', 131.63);
INSERT INTO integer_archive(key, fix, value) VALUES(17, NOW() + interval '238 millisecond', 26.55);
INSERT INTO integer_archive(key, fix, value) VALUES(18, NOW() + interval '144 millisecond', 23.84);
INSERT INTO integer_archive(key, fix, value) VALUES(19, NOW() + interval '19 millisecond', 47.98);
INSERT INTO integer_archive(key, fix, value) VALUES(20, NOW() + interval '40 millisecond', 16.34);
INSERT INTO integer_archive(key, fix, value) VALUES(21, NOW() + interval '252 millisecond', 29.64);
INSERT INTO integer_archive(key, fix, value) VALUES(22, NOW() + interval '44 millisecond', 9.79);
INSERT INTO integer_archive(key, fix, value) VALUES(23, NOW() + interval '115 millisecond', 41.69);
INSERT INTO integer_archive(key, fix, value) VALUES(24, NOW() + interval '264 millisecond', 123.22);
INSERT INTO integer_archive(key, fix, value) VALUES(25, NOW() + interval '150 millisecond', 117.48);
INSERT INTO integer_archive(key, fix, value) VALUES(26, NOW() + interval '208 millisecond', 139.89);
INSERT INTO integer_archive(key, fix, value) VALUES(27, NOW() + interval '81 millisecond', 139.46);
INSERT INTO integer_archive(key, fix, value) VALUES(28, NOW() + interval '140 millisecond', 33.85);
INSERT INTO integer_archive(key, fix, value) VALUES(29, NOW() + interval '116 millisecond', 40.33);
INSERT INTO integer_archive(key, fix, value) VALUES(30, NOW() + interval '150 millisecond', 110.38);
INSERT INTO integer_archive(key, fix, value) VALUES(31, NOW() + interval '217 millisecond', 93.64);
INSERT INTO integer_archive(key, fix, value) VALUES(32, NOW() + interval '64 millisecond', 54.09);
INSERT INTO integer_archive(key, fix, value) VALUES(33, NOW() + interval '396 millisecond', 19.32);
INSERT INTO integer_archive(key, fix, value) VALUES(34, NOW() + interval '340 millisecond', 64.37);
INSERT INTO integer_archive(key, fix, value) VALUES(35, NOW() + interval '245 millisecond', 131.76);
INSERT INTO integer_archive(key, fix, value) VALUES(36, NOW() + interval '468 millisecond', 92.31);
INSERT INTO integer_archive(key, fix, value) VALUES(37, NOW() + interval '148 millisecond', 79.49);
INSERT INTO integer_archive(key, fix, value) VALUES(38, NOW() + interval '418 millisecond', 90.92);
INSERT INTO integer_archive(key, fix, value) VALUES(39, NOW() + interval '351 millisecond', 110.44);
INSERT INTO integer_archive(key, fix, value) VALUES(40, NOW() + interval '480 millisecond', 4.1);
INSERT INTO integer_archive(key, fix, value) VALUES(41, NOW() + interval '451 millisecond', 26.32);
INSERT INTO integer_archive(key, fix, value) VALUES(42, NOW() + interval '294 millisecond', 71.92);
INSERT INTO integer_archive(key, fix, value) VALUES(43, NOW() + interval '344 millisecond', 110.55);
INSERT INTO integer_archive(key, fix, value) VALUES(44, NOW() + interval '528 millisecond', 143.51);
INSERT INTO integer_archive(key, fix, value) VALUES(45, NOW() + interval '585 millisecond', 48.13);
INSERT INTO integer_archive(key, fix, value) VALUES(46, NOW() + interval '644 millisecond', 108.93);
INSERT INTO integer_archive(key, fix, value) VALUES(47, NOW() + interval '47 millisecond', 39.97);
INSERT INTO integer_archive(key, fix, value) VALUES(48, NOW() + interval '480 millisecond', 27.71);
INSERT INTO integer_archive(key, fix, value) VALUES(49, NOW() + interval '147 millisecond', 101.36);
INSERT INTO integer_archive(key, fix, value) VALUES(50, NOW() + interval '200 millisecond', 27.27);
INSERT INTO integer_archive(key, fix, value) VALUES(51, NOW() + interval '510 millisecond', 48.02);
INSERT INTO integer_archive(key, fix, value) VALUES(52, NOW() + interval '312 millisecond', 63.14);
INSERT INTO integer_archive(key, fix, value) VALUES(53, NOW() + interval '689 millisecond', 133.91);
INSERT INTO integer_archive(key, fix, value) VALUES(54, NOW() + interval '594 millisecond', 84.2);
INSERT INTO integer_archive(key, fix, value) VALUES(55, NOW() + interval '220 millisecond', 96.12);
INSERT INTO integer_archive(key, fix, value) VALUES(56, NOW() + interval '504 millisecond', 63.14);
INSERT INTO integer_archive(key, fix, value) VALUES(57, NOW() + interval '399 millisecond', 42.92);
INSERT INTO integer_archive(key, fix, value) VALUES(58, NOW() + interval '812 millisecond', 40.16);
INSERT INTO integer_archive(key, fix, value) VALUES(59, NOW() + interval '236 millisecond', 87.53);
INSERT INTO integer_archive(key, fix, value) VALUES(60, NOW() + interval '720 millisecond', 14.7);
INSERT INTO integer_archive(key, fix, value) VALUES(61, NOW() + interval '366 millisecond', 94.06);
INSERT INTO integer_archive(key, fix, value) VALUES(62, NOW() + interval '496 millisecond', 18.79);
INSERT INTO integer_archive(key, fix, value) VALUES(63, NOW() + interval '882 millisecond', 27.7);
INSERT INTO integer_archive(key, fix, value) VALUES(64, NOW() + interval '576 millisecond', 141.03);
INSERT INTO integer_archive(key, fix, value) VALUES(65, NOW() + interval '845 millisecond', 79.82);
INSERT INTO integer_archive(key, fix, value) VALUES(66, NOW() + interval '528 millisecond', 134.11);
INSERT INTO integer_archive(key, fix, value) VALUES(67, NOW() + interval '536 millisecond', 93.75);
INSERT INTO integer_archive(key, fix, value) VALUES(68, NOW() + interval '408 millisecond', 64.68);
INSERT INTO integer_archive(key, fix, value) VALUES(69, NOW() + interval '759 millisecond', 144.02);
INSERT INTO integer_archive(key, fix, value) VALUES(70, NOW() + interval '630 millisecond', 87.17);
INSERT INTO integer_archive(key, fix, value) VALUES(71, NOW() + interval '142 millisecond', 31.51);
INSERT INTO integer_archive(key, fix, value) VALUES(72, NOW() + interval '792 millisecond', 35.29);
INSERT INTO integer_archive(key, fix, value) VALUES(73, NOW() + interval '803 millisecond', 79.01);
INSERT INTO integer_archive(key, fix, value) VALUES(74, NOW() + interval '370 millisecond', 105.81);
INSERT INTO integer_archive(key, fix, value) VALUES(75, NOW() + interval '375 millisecond', 57.46);
INSERT INTO integer_archive(key, fix, value) VALUES(76, NOW() + interval '1064 millisecond', 74.56);
INSERT INTO integer_archive(key, fix, value) VALUES(77, NOW() + interval '924 millisecond', 17.61);
INSERT INTO integer_archive(key, fix, value) VALUES(78, NOW() + interval '936 millisecond', 1.96);
INSERT INTO integer_archive(key, fix, value) VALUES(79, NOW() + interval '869 millisecond', 41.15);
INSERT INTO integer_archive(key, fix, value) VALUES(80, NOW() + interval '640 millisecond', 100.91);
INSERT INTO integer_archive(key, fix, value) VALUES(81, NOW() + interval '405 millisecond', 109.77);
INSERT INTO integer_archive(key, fix, value) VALUES(82, NOW() + interval '820 millisecond', 99.87);
INSERT INTO integer_archive(key, fix, value) VALUES(83, NOW() + interval '249 millisecond', 100.28);
INSERT INTO integer_archive(key, fix, value) VALUES(84, NOW() + interval '1092 millisecond', 117.47);
INSERT INTO integer_archive(key, fix, value) VALUES(85, NOW() + interval '1105 millisecond', 80.77);
INSERT INTO integer_archive(key, fix, value) VALUES(86, NOW() + interval '688 millisecond', 34.36);
INSERT INTO integer_archive(key, fix, value) VALUES(87, NOW() + interval '1218 millisecond', 37.75);
INSERT INTO integer_archive(key, fix, value) VALUES(88, NOW() + interval '176 millisecond', 19.87);
INSERT INTO integer_archive(key, fix, value) VALUES(89, NOW() + interval '1157 millisecond', 45.45);
INSERT INTO integer_archive(key, fix, value) VALUES(90, NOW() + interval '630 millisecond', 58.37);
INSERT INTO integer_archive(key, fix, value) VALUES(91, NOW() + interval '1183 millisecond', 129.66);
INSERT INTO integer_archive(key, fix, value) VALUES(92, NOW() + interval '920 millisecond', 72.17);
INSERT INTO integer_archive(key, fix, value) VALUES(93, NOW() + interval '837 millisecond', 2.04);
INSERT INTO integer_archive(key, fix, value) VALUES(94, NOW() + interval '188 millisecond', 64.16);
INSERT INTO integer_archive(key, fix, value) VALUES(95, NOW() + interval '1140 millisecond', 53.89);
INSERT INTO integer_archive(key, fix, value) VALUES(96, NOW() + interval '960 millisecond', 73);
INSERT INTO integer_archive(key, fix, value) VALUES(97, NOW() + interval '776 millisecond', 134.29);
INSERT INTO integer_archive(key, fix, value) VALUES(98, NOW() + interval '490 millisecond', 41.88);
INSERT INTO integer_archive(key, fix, value) VALUES(99, NOW() + interval '792 millisecond', 11.72);
INSERT INTO integer_archive(key, fix, value) VALUES(100, NOW() + interval '200 millisecond', 5.35);
INSERT INTO integer_archive(key, fix, value) VALUES(101, NOW() + interval '1010 millisecond', 72.15);
INSERT INTO integer_archive(key, fix, value) VALUES(102, NOW() + interval '1224 millisecond', 105.65);
INSERT INTO integer_archive(key, fix, value) VALUES(103, NOW() + interval '1339 millisecond', 106.88);
INSERT INTO integer_archive(key, fix, value) VALUES(104, NOW() + interval '832 millisecond', 86.47);
INSERT INTO integer_archive(key, fix, value) VALUES(105, NOW() + interval '210 millisecond', 103.79);
INSERT INTO integer_archive(key, fix, value) VALUES(106, NOW() + interval '318 millisecond', 69.6);
INSERT INTO integer_archive(key, fix, value) VALUES(107, NOW() + interval '1391 millisecond', 15.17);
INSERT INTO integer_archive(key, fix, value) VALUES(108, NOW() + interval '1296 millisecond', 60.68);
INSERT INTO integer_archive(key, fix, value) VALUES(109, NOW() + interval '218 millisecond', 30.17);
INSERT INTO integer_archive(key, fix, value) VALUES(110, NOW() + interval '330 millisecond', 21.11);
INSERT INTO integer_archive(key, fix, value) VALUES(111, NOW() + interval '999 millisecond', 64.98);
INSERT INTO integer_archive(key, fix, value) VALUES(112, NOW() + interval '112 millisecond', 80.95);
INSERT INTO integer_archive(key, fix, value) VALUES(113, NOW() + interval '1469 millisecond', 144.91);
INSERT INTO integer_archive(key, fix, value) VALUES(114, NOW() + interval '1254 millisecond', 9.93);
INSERT INTO integer_archive(key, fix, value) VALUES(115, NOW() + interval '1610 millisecond', 113.06);
INSERT INTO integer_archive(key, fix, value) VALUES(116, NOW() + interval '1044 millisecond', 118.51);
INSERT INTO integer_archive(key, fix, value) VALUES(117, NOW() + interval '468 millisecond', 55.58);
INSERT INTO integer_archive(key, fix, value) VALUES(118, NOW() + interval '1298 millisecond', 57.84);
INSERT INTO integer_archive(key, fix, value) VALUES(119, NOW() + interval '238 millisecond', 140.86);
INSERT INTO integer_archive(key, fix, value) VALUES(120, NOW() + interval '1080 millisecond', 123.61);
INSERT INTO integer_archive(key, fix, value) VALUES(121, NOW() + interval '968 millisecond', 71.2);
INSERT INTO integer_archive(key, fix, value) VALUES(122, NOW() + interval '732 millisecond', 14.07);
INSERT INTO integer_archive(key, fix, value) VALUES(123, NOW() + interval '492 millisecond', 27.8);
INSERT INTO integer_archive(key, fix, value) VALUES(124, NOW() + interval '1116 millisecond', 58.96);
INSERT INTO integer_archive(key, fix, value) VALUES(125, NOW() + interval '375 millisecond', 128.05);
INSERT INTO integer_archive(key, fix, value) VALUES(126, NOW() + interval '504 millisecond', 46.77);
INSERT INTO integer_archive(key, fix, value) VALUES(127, NOW() + interval '1778 millisecond', 138.79);
INSERT INTO integer_archive(key, fix, value) VALUES(128, NOW() + interval '896 millisecond', 32.66);
INSERT INTO integer_archive(key, fix, value) VALUES(129, NOW() + interval '1032 millisecond', 37.79);
INSERT INTO integer_archive(key, fix, value) VALUES(130, NOW() + interval '1560 millisecond', 130.68);
INSERT INTO integer_archive(key, fix, value) VALUES(131, NOW() + interval '131 millisecond', 68.18);
INSERT INTO integer_archive(key, fix, value) VALUES(132, NOW() + interval '1188 millisecond', 41.51);
INSERT INTO integer_archive(key, fix, value) VALUES(133, NOW() + interval '399 millisecond', 45.11);
INSERT INTO integer_archive(key, fix, value) VALUES(134, NOW() + interval '670 millisecond', 72.42);
INSERT INTO integer_archive(key, fix, value) VALUES(135, NOW() + interval '810 millisecond', 60.86);
INSERT INTO integer_archive(key, fix, value) VALUES(136, NOW() + interval '816 millisecond', 14.3);
INSERT INTO integer_archive(key, fix, value) VALUES(137, NOW() + interval '1233 millisecond', 37.67);
INSERT INTO integer_archive(key, fix, value) VALUES(138, NOW() + interval '1380 millisecond', 19.19);
INSERT INTO integer_archive(key, fix, value) VALUES(139, NOW() + interval '278 millisecond', 133.3);
INSERT INTO integer_archive(key, fix, value) VALUES(140, NOW() + interval '700 millisecond', 103.35);
INSERT INTO integer_archive(key, fix, value) VALUES(141, NOW() + interval '846 millisecond', 49.03);
INSERT INTO integer_archive(key, fix, value) VALUES(142, NOW() + interval '1988 millisecond', 12.87);
INSERT INTO integer_archive(key, fix, value) VALUES(143, NOW() + interval '1144 millisecond', 43.92);
INSERT INTO integer_archive(key, fix, value) VALUES(144, NOW() + interval '1728 millisecond', 38.66);
INSERT INTO integer_archive(key, fix, value) VALUES(145, NOW() + interval '2030 millisecond', 75.84);
INSERT INTO integer_archive(key, fix, value) VALUES(146, NOW() + interval '1898 millisecond', 120.89);
INSERT INTO integer_archive(key, fix, value) VALUES(147, NOW() + interval '441 millisecond', 101.93);
INSERT INTO integer_archive(key, fix, value) VALUES(148, NOW() + interval '1776 millisecond', 3.52);
INSERT INTO integer_archive(key, fix, value) VALUES(149, NOW() + interval '1788 millisecond', 15.86);
INSERT INTO integer_archive(key, fix, value) VALUES(150, NOW() + interval '2100 millisecond', 137.05);
INSERT INTO integer_archive(key, fix, value) VALUES(151, NOW() + interval '1963 millisecond', 20.36);
INSERT INTO integer_archive(key, fix, value) VALUES(152, NOW() + interval '304 millisecond', 102.5);
INSERT INTO integer_archive(key, fix, value) VALUES(153, NOW() + interval '1224 millisecond', 20.19);
INSERT INTO integer_archive(key, fix, value) VALUES(154, NOW() + interval '1694 millisecond', 104.67);
INSERT INTO integer_archive(key, fix, value) VALUES(155, NOW() + interval '775 millisecond', 43.55);
INSERT INTO integer_archive(key, fix, value) VALUES(156, NOW() + interval '468 millisecond', 83.38);
INSERT INTO integer_archive(key, fix, value) VALUES(157, NOW() + interval '2198 millisecond', 18.93);
INSERT INTO integer_archive(key, fix, value) VALUES(158, NOW() + interval '1264 millisecond', 97.62);
INSERT INTO integer_archive(key, fix, value) VALUES(159, NOW() + interval '1272 millisecond', 80.45);
INSERT INTO integer_archive(key, fix, value) VALUES(160, NOW() + interval '1760 millisecond', 116.94);
INSERT INTO integer_archive(key, fix, value) VALUES(161, NOW() + interval '1127 millisecond', 1.27);
INSERT INTO integer_archive(key, fix, value) VALUES(162, NOW() + interval '1296 millisecond', 122.73);
INSERT INTO integer_archive(key, fix, value) VALUES(163, NOW() + interval '1304 millisecond', 73);
INSERT INTO integer_archive(key, fix, value) VALUES(164, NOW() + interval '2296 millisecond', 131.65);
INSERT INTO integer_archive(key, fix, value) VALUES(165, NOW() + interval '1155 millisecond', 93.65);
INSERT INTO integer_archive(key, fix, value) VALUES(166, NOW() + interval '830 millisecond', 139.53);
INSERT INTO integer_archive(key, fix, value) VALUES(167, NOW() + interval '2171 millisecond', 53.63);
INSERT INTO integer_archive(key, fix, value) VALUES(168, NOW() + interval '2016 millisecond', 35.41);
INSERT INTO integer_archive(key, fix, value) VALUES(169, NOW() + interval '845 millisecond', 35.97);
INSERT INTO integer_archive(key, fix, value) VALUES(170, NOW() + interval '1360 millisecond', 62.02);
INSERT INTO integer_archive(key, fix, value) VALUES(171, NOW() + interval '1539 millisecond', 19.28);
INSERT INTO integer_archive(key, fix, value) VALUES(172, NOW() + interval '2408 millisecond', 97.07);
INSERT INTO integer_archive(key, fix, value) VALUES(173, NOW() + interval '1038 millisecond', 49.68);
INSERT INTO integer_archive(key, fix, value) VALUES(174, NOW() + interval '2262 millisecond', 3.29);
INSERT INTO integer_archive(key, fix, value) VALUES(175, NOW() + interval '525 millisecond', 27.11);
INSERT INTO integer_archive(key, fix, value) VALUES(176, NOW() + interval '1408 millisecond', 45.2);
INSERT INTO integer_archive(key, fix, value) VALUES(177, NOW() + interval '1062 millisecond', 28.17);
INSERT INTO integer_archive(key, fix, value) VALUES(178, NOW() + interval '1424 millisecond', 134.37);
INSERT INTO integer_archive(key, fix, value) VALUES(179, NOW() + interval '1611 millisecond', 29.57);
INSERT INTO integer_archive(key, fix, value) VALUES(180, NOW() + interval '720 millisecond', 8.93);
INSERT INTO integer_archive(key, fix, value) VALUES(181, NOW() + interval '724 millisecond', 117.56);
INSERT INTO integer_archive(key, fix, value) VALUES(182, NOW() + interval '910 millisecond', 95.73);
INSERT INTO integer_archive(key, fix, value) VALUES(183, NOW() + interval '366 millisecond', 29.64);
INSERT INTO integer_archive(key, fix, value) VALUES(184, NOW() + interval '1840 millisecond', 85.37);
INSERT INTO integer_archive(key, fix, value) VALUES(185, NOW() + interval '1110 millisecond', 43.13);
INSERT INTO integer_archive(key, fix, value) VALUES(186, NOW() + interval '1116 millisecond', 41.52);
INSERT INTO integer_archive(key, fix, value) VALUES(187, NOW() + interval '187 millisecond', 45.05);
INSERT INTO integer_archive(key, fix, value) VALUES(188, NOW() + interval '752 millisecond', 49.66);
INSERT INTO integer_archive(key, fix, value) VALUES(189, NOW() + interval '378 millisecond', 126.64);
INSERT INTO integer_archive(key, fix, value) VALUES(190, NOW() + interval '1520 millisecond', 25.89);
INSERT INTO integer_archive(key, fix, value) VALUES(191, NOW() + interval '1719 millisecond', 136.56);
INSERT INTO integer_archive(key, fix, value) VALUES(192, NOW() + interval '2112 millisecond', 33.61);
INSERT INTO integer_archive(key, fix, value) VALUES(193, NOW() + interval '579 millisecond', 140.24);
INSERT INTO integer_archive(key, fix, value) VALUES(194, NOW() + interval '1746 millisecond', 107.79);
INSERT INTO integer_archive(key, fix, value) VALUES(195, NOW() + interval '2535 millisecond', 125.23);
INSERT INTO integer_archive(key, fix, value) VALUES(196, NOW() + interval '1960 millisecond', 14.94);
INSERT INTO integer_archive(key, fix, value) VALUES(197, NOW() + interval '394 millisecond', 69.78);
INSERT INTO integer_archive(key, fix, value) VALUES(198, NOW() + interval '792 millisecond', 113.18);
INSERT INTO integer_archive(key, fix, value) VALUES(199, NOW() + interval '2388 millisecond', 45.44);
INSERT INTO integer_archive(key, fix, value) VALUES(200, NOW() + interval '2000 millisecond', 24.8);
INSERT INTO integer_archive(key, fix, value) VALUES(201, NOW() + interval '2010 millisecond', 44.29);
INSERT INTO integer_archive(key, fix, value) VALUES(202, NOW() + interval '2020 millisecond', 128.02);
INSERT INTO integer_archive(key, fix, value) VALUES(203, NOW() + interval '2436 millisecond', 32.29);
INSERT INTO integer_archive(key, fix, value) VALUES(204, NOW() + interval '1020 millisecond', 11.51);
INSERT INTO integer_archive(key, fix, value) VALUES(205, NOW() + interval '2870 millisecond', 22.1);
INSERT INTO integer_archive(key, fix, value) VALUES(206, NOW() + interval '2678 millisecond', 106.04);
INSERT INTO integer_archive(key, fix, value) VALUES(207, NOW() + interval '2277 millisecond', 4.68);
INSERT INTO integer_archive(key, fix, value) VALUES(208, NOW() + interval '1456 millisecond', 35.69);
INSERT INTO integer_archive(key, fix, value) VALUES(209, NOW() + interval '418 millisecond', 13.98);
INSERT INTO integer_archive(key, fix, value) VALUES(210, NOW() + interval '1680 millisecond', 9.76);
INSERT INTO integer_archive(key, fix, value) VALUES(211, NOW() + interval '1899 millisecond', 131.52);
INSERT INTO integer_archive(key, fix, value) VALUES(212, NOW() + interval '2120 millisecond', 70.12);
INSERT INTO integer_archive(key, fix, value) VALUES(213, NOW() + interval '2130 millisecond', 41.82);
INSERT INTO integer_archive(key, fix, value) VALUES(214, NOW() + interval '856 millisecond', 79.72);
INSERT INTO integer_archive(key, fix, value) VALUES(215, NOW() + interval '430 millisecond', 64.92);
INSERT INTO integer_archive(key, fix, value) VALUES(216, NOW() + interval '1728 millisecond', 106.56);
INSERT INTO integer_archive(key, fix, value) VALUES(217, NOW() + interval '868 millisecond', 47.12);
INSERT INTO integer_archive(key, fix, value) VALUES(218, NOW() + interval '1526 millisecond', 46.82);
INSERT INTO integer_archive(key, fix, value) VALUES(219, NOW() + interval '1095 millisecond', 124.37);
INSERT INTO integer_archive(key, fix, value) VALUES(220, NOW() + interval '1540 millisecond', 135.32);
INSERT INTO integer_archive(key, fix, value) VALUES(221, NOW() + interval '2210 millisecond', 75.11);
INSERT INTO integer_archive(key, fix, value) VALUES(222, NOW() + interval '2442 millisecond', 107.54);
INSERT INTO integer_archive(key, fix, value) VALUES(223, NOW() + interval '3122 millisecond', 132.73);
INSERT INTO integer_archive(key, fix, value) VALUES(224, NOW() + interval '1344 millisecond', 4.36);
INSERT INTO integer_archive(key, fix, value) VALUES(225, NOW() + interval '450 millisecond', 1.86);
INSERT INTO integer_archive(key, fix, value) VALUES(226, NOW() + interval '2260 millisecond', 105.47);
INSERT INTO integer_archive(key, fix, value) VALUES(227, NOW() + interval '2724 millisecond', 85.07);
INSERT INTO integer_archive(key, fix, value) VALUES(228, NOW() + interval '1824 millisecond', 114.87);
INSERT INTO integer_archive(key, fix, value) VALUES(229, NOW() + interval '2061 millisecond', 29.71);
INSERT INTO integer_archive(key, fix, value) VALUES(230, NOW() + interval '920 millisecond', 76.3);
INSERT INTO integer_archive(key, fix, value) VALUES(231, NOW() + interval '3234 millisecond', 107.87);
INSERT INTO integer_archive(key, fix, value) VALUES(232, NOW() + interval '232 millisecond', 77.05);
INSERT INTO integer_archive(key, fix, value) VALUES(233, NOW() + interval '2097 millisecond', 23.59);
INSERT INTO integer_archive(key, fix, value) VALUES(234, NOW() + interval '1872 millisecond', 58.29);
INSERT INTO integer_archive(key, fix, value) VALUES(235, NOW() + interval '1880 millisecond', 18.77);
INSERT INTO integer_archive(key, fix, value) VALUES(236, NOW() + interval '3304 millisecond', 32.7);
INSERT INTO integer_archive(key, fix, value) VALUES(237, NOW() + interval '2370 millisecond', 84.7);
INSERT INTO integer_archive(key, fix, value) VALUES(238, NOW() + interval '1428 millisecond', 15.69);
INSERT INTO integer_archive(key, fix, value) VALUES(239, NOW() + interval '717 millisecond', 140.08);
INSERT INTO integer_archive(key, fix, value) VALUES(240, NOW() + interval '1920 millisecond', 107.67);
INSERT INTO integer_archive(key, fix, value) VALUES(1, NOW() + interval '13 millisecond', 31.76);
INSERT INTO integer_archive(key, fix, value) VALUES(2, NOW() + interval '16 millisecond', 9.29);
INSERT INTO integer_archive(key, fix, value) VALUES(3, NOW() + interval '33 millisecond', 116.64);
INSERT INTO integer_archive(key, fix, value) VALUES(4, NOW() + interval '52 millisecond', 94.51);
INSERT INTO integer_archive(key, fix, value) VALUES(5, NOW() + interval '55 millisecond', 100.65);
INSERT INTO integer_archive(key, fix, value) VALUES(6, NOW() + interval '66 millisecond', 10.65);
INSERT INTO integer_archive(key, fix, value) VALUES(7, NOW() + interval '63 millisecond', 131.09);
INSERT INTO integer_archive(key, fix, value) VALUES(8, NOW() + interval '112 millisecond', 136.68);
INSERT INTO integer_archive(key, fix, value) VALUES(9, NOW() + interval '72 millisecond', 36.54);
INSERT INTO integer_archive(key, fix, value) VALUES(10, NOW() + interval '30 millisecond', 119.26);
INSERT INTO integer_archive(key, fix, value) VALUES(11, NOW() + interval '77 millisecond', 143.13);
INSERT INTO integer_archive(key, fix, value) VALUES(12, NOW() + interval '84 millisecond', 133.19);
INSERT INTO integer_archive(key, fix, value) VALUES(13, NOW() + interval '26 millisecond', 71.19);
INSERT INTO integer_archive(key, fix, value) VALUES(14, NOW() + interval '28 millisecond', 32.63);
INSERT INTO integer_archive(key, fix, value) VALUES(15, NOW() + interval '60 millisecond', 66.09);
INSERT INTO integer_archive(key, fix, value) VALUES(16, NOW() + interval '160 millisecond', 92.6);
INSERT INTO integer_archive(key, fix, value) VALUES(17, NOW() + interval '170 millisecond', 71.85);
INSERT INTO integer_archive(key, fix, value) VALUES(18, NOW() + interval '162 millisecond', 112.18);
INSERT INTO integer_archive(key, fix, value) VALUES(19, NOW() + interval '76 millisecond', 138.83);
INSERT INTO integer_archive(key, fix, value) VALUES(20, NOW() + interval '240 millisecond', 119.38);
INSERT INTO integer_archive(key, fix, value) VALUES(21, NOW() + interval '84 millisecond', 123.85);
INSERT INTO integer_archive(key, fix, value) VALUES(22, NOW() + interval '198 millisecond', 124.53);
INSERT INTO integer_archive(key, fix, value) VALUES(23, NOW() + interval '161 millisecond', 132.44);
INSERT INTO integer_archive(key, fix, value) VALUES(24, NOW() + interval '216 millisecond', 111.53);
INSERT INTO integer_archive(key, fix, value) VALUES(25, NOW() + interval '225 millisecond', 64.56);
INSERT INTO integer_archive(key, fix, value) VALUES(26, NOW() + interval '234 millisecond', 129.17);
INSERT INTO integer_archive(key, fix, value) VALUES(27, NOW() + interval '324 millisecond', 99.9);
INSERT INTO integer_archive(key, fix, value) VALUES(28, NOW() + interval '140 millisecond', 133.29);
INSERT INTO integer_archive(key, fix, value) VALUES(29, NOW() + interval '319 millisecond', 86.47);
INSERT INTO integer_archive(key, fix, value) VALUES(30, NOW() + interval '60 millisecond', 37.61);
INSERT INTO integer_archive(key, fix, value) VALUES(31, NOW() + interval '341 millisecond', 104.38);
INSERT INTO integer_archive(key, fix, value) VALUES(32, NOW() + interval '224 millisecond', 47.02);
INSERT INTO integer_archive(key, fix, value) VALUES(33, NOW() + interval '66 millisecond', 13.43);
INSERT INTO integer_archive(key, fix, value) VALUES(34, NOW() + interval '204 millisecond', 20.76);
INSERT INTO integer_archive(key, fix, value) VALUES(35, NOW() + interval '175 millisecond', 26.97);
INSERT INTO integer_archive(key, fix, value) VALUES(36, NOW() + interval '360 millisecond', 80.05);
INSERT INTO integer_archive(key, fix, value) VALUES(37, NOW() + interval '259 millisecond', 44.04);
INSERT INTO integer_archive(key, fix, value) VALUES(38, NOW() + interval '342 millisecond', 82.42);
INSERT INTO integer_archive(key, fix, value) VALUES(39, NOW() + interval '234 millisecond', 90.68);
INSERT INTO integer_archive(key, fix, value) VALUES(40, NOW() + interval '320 millisecond', 18.23);
INSERT INTO integer_archive(key, fix, value) VALUES(41, NOW() + interval '533 millisecond', 43.22);
INSERT INTO integer_archive(key, fix, value) VALUES(42, NOW() + interval '378 millisecond', 111.17);
INSERT INTO integer_archive(key, fix, value) VALUES(43, NOW() + interval '516 millisecond', 111.89);
INSERT INTO integer_archive(key, fix, value) VALUES(44, NOW() + interval '528 millisecond', 2.54);
INSERT INTO integer_archive(key, fix, value) VALUES(45, NOW() + interval '135 millisecond', 102.61);
INSERT INTO integer_archive(key, fix, value) VALUES(46, NOW() + interval '92 millisecond', 93.64);
INSERT INTO integer_archive(key, fix, value) VALUES(47, NOW() + interval '611 millisecond', 78.41);
INSERT INTO integer_archive(key, fix, value) VALUES(48, NOW() + interval '96 millisecond', 74.11);
INSERT INTO integer_archive(key, fix, value) VALUES(49, NOW() + interval '343 millisecond', 45.92);
INSERT INTO integer_archive(key, fix, value) VALUES(50, NOW() + interval '600 millisecond', 47.09);
INSERT INTO integer_archive(key, fix, value) VALUES(51, NOW() + interval '408 millisecond', 67.09);
INSERT INTO integer_archive(key, fix, value) VALUES(52, NOW() + interval '416 millisecond', 66.35);
INSERT INTO integer_archive(key, fix, value) VALUES(53, NOW() + interval '583 millisecond', 8.66);
INSERT INTO integer_archive(key, fix, value) VALUES(54, NOW() + interval '378 millisecond', 80.39);
INSERT INTO integer_archive(key, fix, value) VALUES(55, NOW() + interval '110 millisecond', 110.88);
INSERT INTO integer_archive(key, fix, value) VALUES(56, NOW() + interval '504 millisecond', 17.77);
INSERT INTO integer_archive(key, fix, value) VALUES(57, NOW() + interval '114 millisecond', 132.29);
INSERT INTO integer_archive(key, fix, value) VALUES(58, NOW() + interval '348 millisecond', 66.45);
INSERT INTO integer_archive(key, fix, value) VALUES(59, NOW() + interval '177 millisecond', 99.5);
INSERT INTO integer_archive(key, fix, value) VALUES(60, NOW() + interval '420 millisecond', 39.59);
INSERT INTO integer_archive(key, fix, value) VALUES(61, NOW() + interval '305 millisecond', 53.44);
INSERT INTO integer_archive(key, fix, value) VALUES(62, NOW() + interval '868 millisecond', 84.48);
INSERT INTO integer_archive(key, fix, value) VALUES(63, NOW() + interval '189 millisecond', 10.69);
INSERT INTO integer_archive(key, fix, value) VALUES(64, NOW() + interval '576 millisecond', 134);
INSERT INTO integer_archive(key, fix, value) VALUES(65, NOW() + interval '260 millisecond', 14.44);
INSERT INTO integer_archive(key, fix, value) VALUES(66, NOW() + interval '198 millisecond', 7.91);
INSERT INTO integer_archive(key, fix, value) VALUES(67, NOW() + interval '804 millisecond', 29.23);
INSERT INTO integer_archive(key, fix, value) VALUES(68, NOW() + interval '612 millisecond', 64.02);
INSERT INTO integer_archive(key, fix, value) VALUES(69, NOW() + interval '828 millisecond', 20.73);
INSERT INTO integer_archive(key, fix, value) VALUES(70, NOW() + interval '140 millisecond', 116.5);
INSERT INTO integer_archive(key, fix, value) VALUES(71, NOW() + interval '426 millisecond', 35.55);
INSERT INTO integer_archive(key, fix, value) VALUES(72, NOW() + interval '936 millisecond', 59.57);
INSERT INTO integer_archive(key, fix, value) VALUES(73, NOW() + interval '219 millisecond', 133.74);
INSERT INTO integer_archive(key, fix, value) VALUES(74, NOW() + interval '666 millisecond', 3.79);
INSERT INTO integer_archive(key, fix, value) VALUES(75, NOW() + interval '300 millisecond', 91.03);
INSERT INTO integer_archive(key, fix, value) VALUES(76, NOW() + interval '456 millisecond', 105.58);
INSERT INTO integer_archive(key, fix, value) VALUES(77, NOW() + interval '924 millisecond', 81.23);
INSERT INTO integer_archive(key, fix, value) VALUES(78, NOW() + interval '78 millisecond', 26.66);
INSERT INTO integer_archive(key, fix, value) VALUES(79, NOW() + interval '632 millisecond', 131.86);
INSERT INTO integer_archive(key, fix, value) VALUES(80, NOW() + interval '400 millisecond', 97.31);
INSERT INTO integer_archive(key, fix, value) VALUES(81, NOW() + interval '567 millisecond', 74.65);
INSERT INTO integer_archive(key, fix, value) VALUES(82, NOW() + interval '492 millisecond', 144.68);
INSERT INTO integer_archive(key, fix, value) VALUES(83, NOW() + interval '747 millisecond', 75.19);
INSERT INTO integer_archive(key, fix, value) VALUES(84, NOW() + interval '420 millisecond', 128.7);
INSERT INTO integer_archive(key, fix, value) VALUES(85, NOW() + interval '510 millisecond', 134.38);
INSERT INTO integer_archive(key, fix, value) VALUES(86, NOW() + interval '860 millisecond', 144.34);
INSERT INTO integer_archive(key, fix, value) VALUES(87, NOW() + interval '870 millisecond', 97.27);
INSERT INTO integer_archive(key, fix, value) VALUES(88, NOW() + interval '1144 millisecond', 9.71);
INSERT INTO integer_archive(key, fix, value) VALUES(89, NOW() + interval '623 millisecond', 82.65);
INSERT INTO integer_archive(key, fix, value) VALUES(90, NOW() + interval '630 millisecond', 33.62);
INSERT INTO integer_archive(key, fix, value) VALUES(91, NOW() + interval '728 millisecond', 87.95);
INSERT INTO integer_archive(key, fix, value) VALUES(92, NOW() + interval '1012 millisecond', 87.44);
INSERT INTO integer_archive(key, fix, value) VALUES(93, NOW() + interval '1023 millisecond', 63.67);
INSERT INTO integer_archive(key, fix, value) VALUES(94, NOW() + interval '376 millisecond', 36.4);
INSERT INTO integer_archive(key, fix, value) VALUES(95, NOW() + interval '285 millisecond', 59.25);
INSERT INTO integer_archive(key, fix, value) VALUES(96, NOW() + interval '1344 millisecond', 131.05);
INSERT INTO integer_archive(key, fix, value) VALUES(97, NOW() + interval '1164 millisecond', 53.64);
INSERT INTO integer_archive(key, fix, value) VALUES(98, NOW() + interval '588 millisecond', 120.49);
INSERT INTO integer_archive(key, fix, value) VALUES(99, NOW() + interval '1287 millisecond', 134.76);
INSERT INTO integer_archive(key, fix, value) VALUES(100, NOW() + interval '1200 millisecond', 92.09);
INSERT INTO integer_archive(key, fix, value) VALUES(101, NOW() + interval '909 millisecond', 98.92);
INSERT INTO integer_archive(key, fix, value) VALUES(102, NOW() + interval '1020 millisecond', 37.53);
INSERT INTO integer_archive(key, fix, value) VALUES(103, NOW() + interval '1442 millisecond', 56.6);
INSERT INTO integer_archive(key, fix, value) VALUES(104, NOW() + interval '208 millisecond', 26.79);
INSERT INTO integer_archive(key, fix, value) VALUES(105, NOW() + interval '945 millisecond', 139.89);
INSERT INTO integer_archive(key, fix, value) VALUES(106, NOW() + interval '1166 millisecond', 134.13);
INSERT INTO integer_archive(key, fix, value) VALUES(107, NOW() + interval '749 millisecond', 13.15);
INSERT INTO integer_archive(key, fix, value) VALUES(108, NOW() + interval '324 millisecond', 120.86);
INSERT INTO integer_archive(key, fix, value) VALUES(109, NOW() + interval '1199 millisecond', 106.38);
INSERT INTO integer_archive(key, fix, value) VALUES(110, NOW() + interval '550 millisecond', 25.74);
INSERT INTO integer_archive(key, fix, value) VALUES(111, NOW() + interval '555 millisecond', 11.52);
INSERT INTO integer_archive(key, fix, value) VALUES(112, NOW() + interval '1232 millisecond', 134.92);
INSERT INTO integer_archive(key, fix, value) VALUES(113, NOW() + interval '1582 millisecond', 108.52);
INSERT INTO integer_archive(key, fix, value) VALUES(114, NOW() + interval '342 millisecond', 42.68);
INSERT INTO integer_archive(key, fix, value) VALUES(115, NOW() + interval '575 millisecond', 15.87);
INSERT INTO integer_archive(key, fix, value) VALUES(116, NOW() + interval '348 millisecond', 75.26);
INSERT INTO integer_archive(key, fix, value) VALUES(117, NOW() + interval '1287 millisecond', 117.01);
INSERT INTO integer_archive(key, fix, value) VALUES(118, NOW() + interval '1062 millisecond', 120.18);
INSERT INTO integer_archive(key, fix, value) VALUES(119, NOW() + interval '1547 millisecond', 72.33);
INSERT INTO integer_archive(key, fix, value) VALUES(120, NOW() + interval '1080 millisecond', 48.79);
INSERT INTO integer_archive(key, fix, value) VALUES(121, NOW() + interval '726 millisecond', 4.84);
INSERT INTO integer_archive(key, fix, value) VALUES(122, NOW() + interval '1098 millisecond', 31.63);
INSERT INTO integer_archive(key, fix, value) VALUES(123, NOW() + interval '1230 millisecond', 5.02);
INSERT INTO integer_archive(key, fix, value) VALUES(124, NOW() + interval '868 millisecond', 108.58);
INSERT INTO integer_archive(key, fix, value) VALUES(125, NOW() + interval '500 millisecond', 78.71);
INSERT INTO integer_archive(key, fix, value) VALUES(126, NOW() + interval '252 millisecond', 27.24);
INSERT INTO integer_archive(key, fix, value) VALUES(127, NOW() + interval '1270 millisecond', 92.18);
INSERT INTO integer_archive(key, fix, value) VALUES(128, NOW() + interval '640 millisecond', 77.95);
INSERT INTO integer_archive(key, fix, value) VALUES(129, NOW() + interval '1806 millisecond', 110.74);
INSERT INTO integer_archive(key, fix, value) VALUES(130, NOW() + interval '650 millisecond', 34.83);
INSERT INTO integer_archive(key, fix, value) VALUES(131, NOW() + interval '524 millisecond', 114.35);
INSERT INTO integer_archive(key, fix, value) VALUES(132, NOW() + interval '1716 millisecond', 76.78);
INSERT INTO integer_archive(key, fix, value) VALUES(133, NOW() + interval '1596 millisecond', 33.27);
INSERT INTO integer_archive(key, fix, value) VALUES(134, NOW() + interval '402 millisecond', 97.64);
INSERT INTO integer_archive(key, fix, value) VALUES(135, NOW() + interval '945 millisecond', 49.93);
INSERT INTO integer_archive(key, fix, value) VALUES(136, NOW() + interval '1768 millisecond', 40.23);
INSERT INTO integer_archive(key, fix, value) VALUES(137, NOW() + interval '411 millisecond', 138.27);
INSERT INTO integer_archive(key, fix, value) VALUES(138, NOW() + interval '1656 millisecond', 42.37);
INSERT INTO integer_archive(key, fix, value) VALUES(139, NOW() + interval '973 millisecond', 73.31);
INSERT INTO integer_archive(key, fix, value) VALUES(140, NOW() + interval '700 millisecond', 137.98);
INSERT INTO integer_archive(key, fix, value) VALUES(141, NOW() + interval '705 millisecond', 61.79);
INSERT INTO integer_archive(key, fix, value) VALUES(142, NOW() + interval '284 millisecond', 110.88);
INSERT INTO integer_archive(key, fix, value) VALUES(143, NOW() + interval '286 millisecond', 140.74);
INSERT INTO integer_archive(key, fix, value) VALUES(144, NOW() + interval '1872 millisecond', 20.3);
INSERT INTO integer_archive(key, fix, value) VALUES(145, NOW() + interval '1160 millisecond', 13.97);
INSERT INTO integer_archive(key, fix, value) VALUES(146, NOW() + interval '1752 millisecond', 23.46);
INSERT INTO integer_archive(key, fix, value) VALUES(147, NOW() + interval '588 millisecond', 57.03);
INSERT INTO integer_archive(key, fix, value) VALUES(148, NOW() + interval '444 millisecond', 84.18);
INSERT INTO integer_archive(key, fix, value) VALUES(149, NOW() + interval '447 millisecond', 14.74);
INSERT INTO integer_archive(key, fix, value) VALUES(150, NOW() + interval '900 millisecond', 65.21);
INSERT INTO integer_archive(key, fix, value) VALUES(151, NOW() + interval '1963 millisecond', 110.65);
INSERT INTO integer_archive(key, fix, value) VALUES(152, NOW() + interval '760 millisecond', 125.51);
INSERT INTO integer_archive(key, fix, value) VALUES(153, NOW() + interval '1377 millisecond', 115.47);
INSERT INTO integer_archive(key, fix, value) VALUES(154, NOW() + interval '308 millisecond', 101.34);
INSERT INTO integer_archive(key, fix, value) VALUES(155, NOW() + interval '1860 millisecond', 6.14);
INSERT INTO integer_archive(key, fix, value) VALUES(156, NOW() + interval '312 millisecond', 68.43);
INSERT INTO integer_archive(key, fix, value) VALUES(157, NOW() + interval '1256 millisecond', 48.45);
INSERT INTO integer_archive(key, fix, value) VALUES(158, NOW() + interval '2054 millisecond', 116.33);
INSERT INTO integer_archive(key, fix, value) VALUES(159, NOW() + interval '1590 millisecond', 18.21);
INSERT INTO integer_archive(key, fix, value) VALUES(160, NOW() + interval '1280 millisecond', 123.08);
INSERT INTO integer_archive(key, fix, value) VALUES(161, NOW() + interval '966 millisecond', 4.98);
INSERT INTO integer_archive(key, fix, value) VALUES(162, NOW() + interval '648 millisecond', 55.03);
INSERT INTO integer_archive(key, fix, value) VALUES(163, NOW() + interval '1304 millisecond', 110.97);
INSERT INTO integer_archive(key, fix, value) VALUES(164, NOW() + interval '328 millisecond', 105.27);
INSERT INTO integer_archive(key, fix, value) VALUES(165, NOW() + interval '1980 millisecond', 34.93);
INSERT INTO integer_archive(key, fix, value) VALUES(166, NOW() + interval '498 millisecond', 53.02);
INSERT INTO integer_archive(key, fix, value) VALUES(167, NOW() + interval '501 millisecond', 118.99);
INSERT INTO integer_archive(key, fix, value) VALUES(168, NOW() + interval '336 millisecond', 81.47);
INSERT INTO integer_archive(key, fix, value) VALUES(169, NOW() + interval '507 millisecond', 33.63);
INSERT INTO integer_archive(key, fix, value) VALUES(170, NOW() + interval '510 millisecond', 36.59);
INSERT INTO integer_archive(key, fix, value) VALUES(171, NOW() + interval '2223 millisecond', 26.22);
INSERT INTO integer_archive(key, fix, value) VALUES(172, NOW() + interval '860 millisecond', 66);
INSERT INTO integer_archive(key, fix, value) VALUES(173, NOW() + interval '173 millisecond', 57.78);
INSERT INTO integer_archive(key, fix, value) VALUES(174, NOW() + interval '1740 millisecond', 129.35);
INSERT INTO integer_archive(key, fix, value) VALUES(175, NOW() + interval '1225 millisecond', 46.23);
INSERT INTO integer_archive(key, fix, value) VALUES(176, NOW() + interval '2288 millisecond', 5.31);
INSERT INTO integer_archive(key, fix, value) VALUES(177, NOW() + interval '1593 millisecond', 80.76);
INSERT INTO integer_archive(key, fix, value) VALUES(178, NOW() + interval '356 millisecond', 122.53);
INSERT INTO integer_archive(key, fix, value) VALUES(179, NOW() + interval '1611 millisecond', 132.32);
INSERT INTO integer_archive(key, fix, value) VALUES(180, NOW() + interval '1080 millisecond', 125.21);
INSERT INTO integer_archive(key, fix, value) VALUES(181, NOW() + interval '1991 millisecond', 51.58);
INSERT INTO integer_archive(key, fix, value) VALUES(182, NOW() + interval '2184 millisecond', 85.92);
INSERT INTO integer_archive(key, fix, value) VALUES(183, NOW() + interval '2379 millisecond', 104.93);
INSERT INTO integer_archive(key, fix, value) VALUES(184, NOW() + interval '1104 millisecond', 99.44);
INSERT INTO integer_archive(key, fix, value) VALUES(185, NOW() + interval '740 millisecond', 53.14);
INSERT INTO integer_archive(key, fix, value) VALUES(186, NOW() + interval '1860 millisecond', 69.35);
INSERT INTO integer_archive(key, fix, value) VALUES(187, NOW() + interval '2618 millisecond', 35.89);
INSERT INTO integer_archive(key, fix, value) VALUES(188, NOW() + interval '2632 millisecond', 27.26);
INSERT INTO integer_archive(key, fix, value) VALUES(189, NOW() + interval '2079 millisecond', 107.27);
INSERT INTO integer_archive(key, fix, value) VALUES(190, NOW() + interval '1140 millisecond', 13.71);
INSERT INTO integer_archive(key, fix, value) VALUES(191, NOW() + interval '573 millisecond', 24.98);
INSERT INTO integer_archive(key, fix, value) VALUES(192, NOW() + interval '960 millisecond', 77.24);
INSERT INTO integer_archive(key, fix, value) VALUES(193, NOW() + interval '1158 millisecond', 17.19);
INSERT INTO integer_archive(key, fix, value) VALUES(194, NOW() + interval '2134 millisecond', 80.61);
INSERT INTO integer_archive(key, fix, value) VALUES(195, NOW() + interval '2145 millisecond', 35.72);
INSERT INTO integer_archive(key, fix, value) VALUES(196, NOW() + interval '2744 millisecond', 34.02);
INSERT INTO integer_archive(key, fix, value) VALUES(197, NOW() + interval '2364 millisecond', 41.4);
INSERT INTO integer_archive(key, fix, value) VALUES(198, NOW() + interval '1584 millisecond', 80.09);
INSERT INTO integer_archive(key, fix, value) VALUES(199, NOW() + interval '995 millisecond', 105.44);
INSERT INTO integer_archive(key, fix, value) VALUES(200, NOW() + interval '1600 millisecond', 42.98);
INSERT INTO integer_archive(key, fix, value) VALUES(201, NOW() + interval '402 millisecond', 141.62);
INSERT INTO integer_archive(key, fix, value) VALUES(202, NOW() + interval '2020 millisecond', 17.06);
INSERT INTO integer_archive(key, fix, value) VALUES(203, NOW() + interval '2030 millisecond', 59.62);
INSERT INTO integer_archive(key, fix, value) VALUES(204, NOW() + interval '408 millisecond', 54.13);
INSERT INTO integer_archive(key, fix, value) VALUES(205, NOW() + interval '1845 millisecond', 132.24);
INSERT INTO integer_archive(key, fix, value) VALUES(206, NOW() + interval '618 millisecond', 122.02);
INSERT INTO integer_archive(key, fix, value) VALUES(207, NOW() + interval '1656 millisecond', 43.95);
INSERT INTO integer_archive(key, fix, value) VALUES(208, NOW() + interval '2288 millisecond', 83.94);
INSERT INTO integer_archive(key, fix, value) VALUES(209, NOW() + interval '418 millisecond', 48.39);
INSERT INTO integer_archive(key, fix, value) VALUES(210, NOW() + interval '840 millisecond', 114.22);
INSERT INTO integer_archive(key, fix, value) VALUES(211, NOW() + interval '2954 millisecond', 118.35);
INSERT INTO integer_archive(key, fix, value) VALUES(212, NOW() + interval '2968 millisecond', 2.25);
INSERT INTO integer_archive(key, fix, value) VALUES(213, NOW() + interval '1278 millisecond', 63.74);
INSERT INTO integer_archive(key, fix, value) VALUES(214, NOW() + interval '1926 millisecond', 102.11);
INSERT INTO integer_archive(key, fix, value) VALUES(215, NOW() + interval '2365 millisecond', 59.1);
INSERT INTO integer_archive(key, fix, value) VALUES(216, NOW() + interval '2808 millisecond', 144.2);
INSERT INTO integer_archive(key, fix, value) VALUES(217, NOW() + interval '868 millisecond', 11.91);
INSERT INTO integer_archive(key, fix, value) VALUES(218, NOW() + interval '436 millisecond', 20.19);
INSERT INTO integer_archive(key, fix, value) VALUES(219, NOW() + interval '1752 millisecond', 21.66);
INSERT INTO integer_archive(key, fix, value) VALUES(220, NOW() + interval '2860 millisecond', 138.24);
INSERT INTO integer_archive(key, fix, value) VALUES(221, NOW() + interval '442 millisecond', 56.63);
INSERT INTO integer_archive(key, fix, value) VALUES(222, NOW() + interval '3108 millisecond', 119.16);
INSERT INTO integer_archive(key, fix, value) VALUES(223, NOW() + interval '669 millisecond', 22.06);
INSERT INTO integer_archive(key, fix, value) VALUES(224, NOW() + interval '2240 millisecond', 79.79);
INSERT INTO integer_archive(key, fix, value) VALUES(225, NOW() + interval '1800 millisecond', 135.64);
INSERT INTO integer_archive(key, fix, value) VALUES(226, NOW() + interval '1582 millisecond', 144.1);
INSERT INTO integer_archive(key, fix, value) VALUES(227, NOW() + interval '1816 millisecond', 112.27);
INSERT INTO integer_archive(key, fix, value) VALUES(228, NOW() + interval '1140 millisecond', 32.37);
INSERT INTO integer_archive(key, fix, value) VALUES(229, NOW() + interval '229 millisecond', 92.77);
INSERT INTO integer_archive(key, fix, value) VALUES(230, NOW() + interval '2530 millisecond', 32.5);
INSERT INTO integer_archive(key, fix, value) VALUES(231, NOW() + interval '2541 millisecond', 51.59);
INSERT INTO integer_archive(key, fix, value) VALUES(232, NOW() + interval '2320 millisecond', 30.24);
INSERT INTO integer_archive(key, fix, value) VALUES(233, NOW() + interval '466 millisecond', 20.57);
INSERT INTO integer_archive(key, fix, value) VALUES(234, NOW() + interval '2340 millisecond', 69.16);
INSERT INTO integer_archive(key, fix, value) VALUES(235, NOW() + interval '940 millisecond', 90.98);
INSERT INTO integer_archive(key, fix, value) VALUES(236, NOW() + interval '472 millisecond', 138.96);
INSERT INTO integer_archive(key, fix, value) VALUES(237, NOW() + interval '1659 millisecond', 41.71);
INSERT INTO integer_archive(key, fix, value) VALUES(238, NOW() + interval '2618 millisecond', 85.3);
INSERT INTO integer_archive(key, fix, value) VALUES(239, NOW() + interval '3107 millisecond', 20.79);
INSERT INTO integer_archive(key, fix, value) VALUES(240, NOW() + interval '3120 millisecond', 34.76);
