INSERT INTO float_actual(key, fix, value) VALUES(1, NOW() + interval '8 millisecond', 66.76);
INSERT INTO float_actual(key, fix, value) VALUES(2, NOW() + interval '28 millisecond', 68.05);
INSERT INTO float_actual(key, fix, value) VALUES(3, NOW() + interval '9 millisecond', 98.79);
INSERT INTO float_actual(key, fix, value) VALUES(4, NOW() + interval '24 millisecond', 91.21);
INSERT INTO float_actual(key, fix, value) VALUES(5, NOW() + interval '55 millisecond', 7.19);
INSERT INTO float_actual(key, fix, value) VALUES(6, NOW() + interval '42 millisecond', 25.58);
INSERT INTO float_actual(key, fix, value) VALUES(7, NOW() + interval '42 millisecond', 41.71);
INSERT INTO float_actual(key, fix, value) VALUES(8, NOW() + interval '40 millisecond', 67.02);
INSERT INTO float_actual(key, fix, value) VALUES(9, NOW() + interval '126 millisecond', 35.83);
INSERT INTO float_actual(key, fix, value) VALUES(10, NOW() + interval '140 millisecond', 65.88);
INSERT INTO float_actual(key, fix, value) VALUES(11, NOW() + interval '33 millisecond', 83.13);
INSERT INTO float_actual(key, fix, value) VALUES(12, NOW() + interval '96 millisecond', 79.39);
INSERT INTO float_actual(key, fix, value) VALUES(13, NOW() + interval '39 millisecond', 19.26);
INSERT INTO float_actual(key, fix, value) VALUES(14, NOW() + interval '56 millisecond', 42.94);
INSERT INTO float_actual(key, fix, value) VALUES(15, NOW() + interval '150 millisecond', 88.87);
INSERT INTO float_actual(key, fix, value) VALUES(16, NOW() + interval '128 millisecond', 72.74);
INSERT INTO float_actual(key, fix, value) VALUES(17, NOW() + interval '170 millisecond', 67.69);
INSERT INTO float_actual(key, fix, value) VALUES(18, NOW() + interval '54 millisecond', 62.23);
INSERT INTO float_actual(key, fix, value) VALUES(19, NOW() + interval '95 millisecond', 41.61);
INSERT INTO float_actual(key, fix, value) VALUES(20, NOW() + interval '140 millisecond', 95.85);
INSERT INTO float_actual(key, fix, value) VALUES(21, NOW() + interval '126 millisecond', 78.92);
INSERT INTO float_actual(key, fix, value) VALUES(22, NOW() + interval '176 millisecond', 6.82);
INSERT INTO float_actual(key, fix, value) VALUES(23, NOW() + interval '207 millisecond', 78.83);
INSERT INTO float_actual(key, fix, value) VALUES(24, NOW() + interval '120 millisecond', 74.05);
INSERT INTO float_actual(key, fix, value) VALUES(25, NOW() + interval '175 millisecond', 77.7);
INSERT INTO float_actual(key, fix, value) VALUES(26, NOW() + interval '260 millisecond', 51.31);
INSERT INTO float_actual(key, fix, value) VALUES(27, NOW() + interval '243 millisecond', 3.74);
INSERT INTO float_actual(key, fix, value) VALUES(28, NOW() + interval '84 millisecond', 66.95);
INSERT INTO float_actual(key, fix, value) VALUES(29, NOW() + interval '87 millisecond', 16.5);
INSERT INTO float_actual(key, fix, value) VALUES(30, NOW() + interval '240 millisecond', 93.66);
INSERT INTO float_actual(key, fix, value) VALUES(31, NOW() + interval '341 millisecond', 90.84);
INSERT INTO float_actual(key, fix, value) VALUES(32, NOW() + interval '128 millisecond', 87.06);
INSERT INTO float_actual(key, fix, value) VALUES(33, NOW() + interval '264 millisecond', 71.13);
INSERT INTO float_actual(key, fix, value) VALUES(34, NOW() + interval '306 millisecond', 68.96);
INSERT INTO float_actual(key, fix, value) VALUES(35, NOW() + interval '175 millisecond', 64.98);
INSERT INTO float_actual(key, fix, value) VALUES(36, NOW() + interval '216 millisecond', 54.49);
INSERT INTO float_actual(key, fix, value) VALUES(37, NOW() + interval '481 millisecond', 99.2);
INSERT INTO float_actual(key, fix, value) VALUES(38, NOW() + interval '228 millisecond', 32.04);
INSERT INTO float_actual(key, fix, value) VALUES(39, NOW() + interval '195 millisecond', 44.97);
INSERT INTO float_actual(key, fix, value) VALUES(40, NOW() + interval '160 millisecond', 34.9);
INSERT INTO float_actual(key, fix, value) VALUES(41, NOW() + interval '533 millisecond', 49.03);
INSERT INTO float_actual(key, fix, value) VALUES(42, NOW() + interval '42 millisecond', 90.74);
INSERT INTO float_actual(key, fix, value) VALUES(43, NOW() + interval '172 millisecond', 4.55);
INSERT INTO float_actual(key, fix, value) VALUES(44, NOW() + interval '132 millisecond', 60.86);
INSERT INTO float_actual(key, fix, value) VALUES(45, NOW() + interval '405 millisecond', 45.41);
INSERT INTO float_actual(key, fix, value) VALUES(46, NOW() + interval '322 millisecond', 13.63);
INSERT INTO float_actual(key, fix, value) VALUES(47, NOW() + interval '611 millisecond', 51.97);
INSERT INTO float_actual(key, fix, value) VALUES(48, NOW() + interval '192 millisecond', 42.11);
INSERT INTO float_actual(key, fix, value) VALUES(49, NOW() + interval '441 millisecond', 67.86);
INSERT INTO float_actual(key, fix, value) VALUES(50, NOW() + interval '400 millisecond', 88.1);
INSERT INTO float_actual(key, fix, value) VALUES(51, NOW() + interval '204 millisecond', 59.7);
INSERT INTO float_actual(key, fix, value) VALUES(52, NOW() + interval '364 millisecond', 75.36);
INSERT INTO float_actual(key, fix, value) VALUES(53, NOW() + interval '318 millisecond', 16.64);
INSERT INTO float_actual(key, fix, value) VALUES(54, NOW() + interval '486 millisecond', 60.08);
INSERT INTO float_actual(key, fix, value) VALUES(55, NOW() + interval '550 millisecond', 80.35);
INSERT INTO float_actual(key, fix, value) VALUES(56, NOW() + interval '336 millisecond', 71.78);
INSERT INTO float_actual(key, fix, value) VALUES(57, NOW() + interval '798 millisecond', 21.2);
INSERT INTO float_actual(key, fix, value) VALUES(58, NOW() + interval '116 millisecond', 28.45);
INSERT INTO float_actual(key, fix, value) VALUES(59, NOW() + interval '767 millisecond', 31.93);
INSERT INTO float_actual(key, fix, value) VALUES(60, NOW() + interval '600 millisecond', 48.55);
INSERT INTO float_actual(key, fix, value) VALUES(61, NOW() + interval '549 millisecond', 1.89);
INSERT INTO float_actual(key, fix, value) VALUES(62, NOW() + interval '186 millisecond', 83.85);
INSERT INTO float_actual(key, fix, value) VALUES(63, NOW() + interval '252 millisecond', 26.91);
INSERT INTO float_actual(key, fix, value) VALUES(64, NOW() + interval '640 millisecond', 38.14);
INSERT INTO float_actual(key, fix, value) VALUES(65, NOW() + interval '780 millisecond', 90.73);
INSERT INTO float_actual(key, fix, value) VALUES(66, NOW() + interval '726 millisecond', 60.26);
INSERT INTO float_actual(key, fix, value) VALUES(67, NOW() + interval '871 millisecond', 31.95);
INSERT INTO float_actual(key, fix, value) VALUES(68, NOW() + interval '204 millisecond', 30.79);
INSERT INTO float_actual(key, fix, value) VALUES(69, NOW() + interval '138 millisecond', 27.14);
INSERT INTO float_actual(key, fix, value) VALUES(70, NOW() + interval '560 millisecond', 4.74);
INSERT INTO float_actual(key, fix, value) VALUES(71, NOW() + interval '497 millisecond', 53.28);
INSERT INTO float_actual(key, fix, value) VALUES(72, NOW() + interval '936 millisecond', 74.85);
INSERT INTO float_actual(key, fix, value) VALUES(73, NOW() + interval '146 millisecond', 73.61);
INSERT INTO float_actual(key, fix, value) VALUES(74, NOW() + interval '222 millisecond', 66.09);
INSERT INTO float_actual(key, fix, value) VALUES(75, NOW() + interval '525 millisecond', 91.69);
INSERT INTO float_actual(key, fix, value) VALUES(76, NOW() + interval '608 millisecond', 26.09);
INSERT INTO float_actual(key, fix, value) VALUES(77, NOW() + interval '1078 millisecond', 6.93);
INSERT INTO float_actual(key, fix, value) VALUES(78, NOW() + interval '390 millisecond', 17.83);
INSERT INTO float_actual(key, fix, value) VALUES(79, NOW() + interval '553 millisecond', 60.85);
INSERT INTO float_actual(key, fix, value) VALUES(80, NOW() + interval '720 millisecond', 13.9);
INSERT INTO float_actual(key, fix, value) VALUES(81, NOW() + interval '648 millisecond', 24.84);
INSERT INTO float_actual(key, fix, value) VALUES(82, NOW() + interval '984 millisecond', 78.19);
INSERT INTO float_actual(key, fix, value) VALUES(83, NOW() + interval '166 millisecond', 78.47);
INSERT INTO float_actual(key, fix, value) VALUES(84, NOW() + interval '1008 millisecond', 64.4);
INSERT INTO float_actual(key, fix, value) VALUES(85, NOW() + interval '170 millisecond', 74.14);
INSERT INTO float_actual(key, fix, value) VALUES(86, NOW() + interval '344 millisecond', 62.97);
INSERT INTO float_actual(key, fix, value) VALUES(87, NOW() + interval '1044 millisecond', 64.57);
INSERT INTO float_actual(key, fix, value) VALUES(88, NOW() + interval '176 millisecond', 6.26);
INSERT INTO float_actual(key, fix, value) VALUES(89, NOW() + interval '178 millisecond', 38.81);
INSERT INTO float_actual(key, fix, value) VALUES(90, NOW() + interval '990 millisecond', 45.89);
INSERT INTO float_actual(key, fix, value) VALUES(91, NOW() + interval '182 millisecond', 2.89);
INSERT INTO float_actual(key, fix, value) VALUES(92, NOW() + interval '1196 millisecond', 87.27);
INSERT INTO float_actual(key, fix, value) VALUES(93, NOW() + interval '558 millisecond', 49.69);
INSERT INTO float_actual(key, fix, value) VALUES(94, NOW() + interval '846 millisecond', 84.32);
INSERT INTO float_actual(key, fix, value) VALUES(95, NOW() + interval '95 millisecond', 99.11);
INSERT INTO float_actual(key, fix, value) VALUES(96, NOW() + interval '1152 millisecond', 43.39);
INSERT INTO float_actual(key, fix, value) VALUES(97, NOW() + interval '970 millisecond', 39.67);
INSERT INTO float_actual(key, fix, value) VALUES(98, NOW() + interval '882 millisecond', 18.51);
INSERT INTO float_actual(key, fix, value) VALUES(99, NOW() + interval '1089 millisecond', 13.64);
INSERT INTO float_actual(key, fix, value) VALUES(100, NOW() + interval '1000 millisecond', 28.11);
INSERT INTO float_actual(key, fix, value) VALUES(101, NOW() + interval '1313 millisecond', 52.78);
INSERT INTO float_actual(key, fix, value) VALUES(102, NOW() + interval '918 millisecond', 72.79);
INSERT INTO float_actual(key, fix, value) VALUES(103, NOW() + interval '1030 millisecond', 88.93);
INSERT INTO float_actual(key, fix, value) VALUES(104, NOW() + interval '728 millisecond', 35.74);
INSERT INTO float_actual(key, fix, value) VALUES(105, NOW() + interval '1470 millisecond', 25.94);
INSERT INTO float_actual(key, fix, value) VALUES(106, NOW() + interval '212 millisecond', 9.01);
INSERT INTO float_actual(key, fix, value) VALUES(107, NOW() + interval '1284 millisecond', 11.76);
INSERT INTO float_actual(key, fix, value) VALUES(108, NOW() + interval '216 millisecond', 46.55);
INSERT INTO float_actual(key, fix, value) VALUES(109, NOW() + interval '654 millisecond', 91.87);
INSERT INTO float_actual(key, fix, value) VALUES(110, NOW() + interval '660 millisecond', 56.65);
INSERT INTO float_actual(key, fix, value) VALUES(111, NOW() + interval '444 millisecond', 96.1);
INSERT INTO float_actual(key, fix, value) VALUES(112, NOW() + interval '1120 millisecond', 5.04);
INSERT INTO float_actual(key, fix, value) VALUES(113, NOW() + interval '1469 millisecond', 80.73);
INSERT INTO float_actual(key, fix, value) VALUES(114, NOW() + interval '1482 millisecond', 40.45);
INSERT INTO float_actual(key, fix, value) VALUES(115, NOW() + interval '230 millisecond', 88.47);
INSERT INTO float_actual(key, fix, value) VALUES(116, NOW() + interval '580 millisecond', 96.32);
INSERT INTO float_actual(key, fix, value) VALUES(117, NOW() + interval '1170 millisecond', 50.94);
INSERT INTO float_actual(key, fix, value) VALUES(118, NOW() + interval '944 millisecond', 56.85);
INSERT INTO float_actual(key, fix, value) VALUES(119, NOW() + interval '714 millisecond', 18.31);
INSERT INTO float_actual(key, fix, value) VALUES(120, NOW() + interval '480 millisecond', 49.8);
INSERT INTO float_actual(key, fix, value) VALUES(121, NOW() + interval '242 millisecond', 25.97);
INSERT INTO float_actual(key, fix, value) VALUES(122, NOW() + interval '1464 millisecond', 75.59);
INSERT INTO float_actual(key, fix, value) VALUES(123, NOW() + interval '1599 millisecond', 75.74);
INSERT INTO float_actual(key, fix, value) VALUES(124, NOW() + interval '1116 millisecond', 59.51);
INSERT INTO float_actual(key, fix, value) VALUES(125, NOW() + interval '750 millisecond', 10.53);
INSERT INTO float_actual(key, fix, value) VALUES(126, NOW() + interval '1512 millisecond', 80.3);
INSERT INTO float_actual(key, fix, value) VALUES(127, NOW() + interval '1397 millisecond', 13.63);
INSERT INTO float_actual(key, fix, value) VALUES(128, NOW() + interval '256 millisecond', 95.11);
INSERT INTO float_actual(key, fix, value) VALUES(129, NOW() + interval '1677 millisecond', 58.66);
INSERT INTO float_actual(key, fix, value) VALUES(130, NOW() + interval '1560 millisecond', 86.74);
INSERT INTO float_actual(key, fix, value) VALUES(131, NOW() + interval '1834 millisecond', 7.29);
INSERT INTO float_actual(key, fix, value) VALUES(132, NOW() + interval '660 millisecond', 11.38);
INSERT INTO float_actual(key, fix, value) VALUES(133, NOW() + interval '1729 millisecond', 11.46);
INSERT INTO float_actual(key, fix, value) VALUES(134, NOW() + interval '804 millisecond', 32.64);
INSERT INTO float_actual(key, fix, value) VALUES(135, NOW() + interval '1215 millisecond', 47.33);
INSERT INTO float_actual(key, fix, value) VALUES(136, NOW() + interval '272 millisecond', 17.2);
INSERT INTO float_actual(key, fix, value) VALUES(137, NOW() + interval '1507 millisecond', 89.56);
INSERT INTO float_actual(key, fix, value) VALUES(138, NOW() + interval '1104 millisecond', 92.56);
INSERT INTO float_actual(key, fix, value) VALUES(139, NOW() + interval '417 millisecond', 87.18);
INSERT INTO float_actual(key, fix, value) VALUES(140, NOW() + interval '420 millisecond', 15.42);
INSERT INTO float_actual(key, fix, value) VALUES(141, NOW() + interval '564 millisecond', 33.97);
INSERT INTO float_actual(key, fix, value) VALUES(142, NOW() + interval '284 millisecond', 98.73);
INSERT INTO float_actual(key, fix, value) VALUES(143, NOW() + interval '286 millisecond', 51.83);
INSERT INTO float_actual(key, fix, value) VALUES(144, NOW() + interval '576 millisecond', 56.67);
INSERT INTO float_actual(key, fix, value) VALUES(145, NOW() + interval '1015 millisecond', 57.59);
INSERT INTO float_actual(key, fix, value) VALUES(146, NOW() + interval '1460 millisecond', 80.42);
INSERT INTO float_actual(key, fix, value) VALUES(147, NOW() + interval '882 millisecond', 32.96);
INSERT INTO float_actual(key, fix, value) VALUES(148, NOW() + interval '1184 millisecond', 96.43);
INSERT INTO float_actual(key, fix, value) VALUES(149, NOW() + interval '2086 millisecond', 74.86);
INSERT INTO float_actual(key, fix, value) VALUES(150, NOW() + interval '1800 millisecond', 81.65);
INSERT INTO float_actual(key, fix, value) VALUES(151, NOW() + interval '906 millisecond', 28.95);
INSERT INTO float_actual(key, fix, value) VALUES(152, NOW() + interval '152 millisecond', 88.07);
INSERT INTO float_actual(key, fix, value) VALUES(153, NOW() + interval '306 millisecond', 67.56);
INSERT INTO float_actual(key, fix, value) VALUES(154, NOW() + interval '308 millisecond', 82.75);
INSERT INTO float_actual(key, fix, value) VALUES(155, NOW() + interval '1395 millisecond', 16.91);
INSERT INTO float_actual(key, fix, value) VALUES(156, NOW() + interval '1872 millisecond', 2.73);
INSERT INTO float_actual(key, fix, value) VALUES(157, NOW() + interval '1099 millisecond', 67.98);
INSERT INTO float_actual(key, fix, value) VALUES(158, NOW() + interval '1580 millisecond', 63.27);
INSERT INTO float_actual(key, fix, value) VALUES(159, NOW() + interval '159 millisecond', 27.65);
INSERT INTO float_actual(key, fix, value) VALUES(160, NOW() + interval '320 millisecond', 41.88);
INSERT INTO float_actual(key, fix, value) VALUES(161, NOW() + interval '2093 millisecond', 81.93);
INSERT INTO float_actual(key, fix, value) VALUES(162, NOW() + interval '2106 millisecond', 1.37);
INSERT INTO float_actual(key, fix, value) VALUES(163, NOW() + interval '1956 millisecond', 26.95);
INSERT INTO float_actual(key, fix, value) VALUES(164, NOW() + interval '1968 millisecond', 40.98);
INSERT INTO float_actual(key, fix, value) VALUES(165, NOW() + interval '990 millisecond', 56.4);
INSERT INTO float_actual(key, fix, value) VALUES(166, NOW() + interval '2324 millisecond', 36.77);
INSERT INTO float_actual(key, fix, value) VALUES(167, NOW() + interval '334 millisecond', 30.19);
INSERT INTO float_actual(key, fix, value) VALUES(168, NOW() + interval '1848 millisecond', 91.97);
INSERT INTO float_actual(key, fix, value) VALUES(169, NOW() + interval '845 millisecond', 16.88);
INSERT INTO float_actual(key, fix, value) VALUES(170, NOW() + interval '2380 millisecond', 37.91);
INSERT INTO float_actual(key, fix, value) VALUES(171, NOW() + interval '1197 millisecond', 41.16);
INSERT INTO float_actual(key, fix, value) VALUES(172, NOW() + interval '2408 millisecond', 26.33);
INSERT INTO float_actual(key, fix, value) VALUES(173, NOW() + interval '1903 millisecond', 65.98);
INSERT INTO float_actual(key, fix, value) VALUES(174, NOW() + interval '1044 millisecond', 66.82);
INSERT INTO float_actual(key, fix, value) VALUES(175, NOW() + interval '1750 millisecond', 89.2);
INSERT INTO float_actual(key, fix, value) VALUES(176, NOW() + interval '2464 millisecond', 71.84);
INSERT INTO float_actual(key, fix, value) VALUES(177, NOW() + interval '1770 millisecond', 41.76);
INSERT INTO float_actual(key, fix, value) VALUES(178, NOW() + interval '2492 millisecond', 55.11);
INSERT INTO float_actual(key, fix, value) VALUES(179, NOW() + interval '1074 millisecond', 2.82);
INSERT INTO float_actual(key, fix, value) VALUES(180, NOW() + interval '360 millisecond', 76.11);
INSERT INTO float_actual(key, fix, value) VALUES(181, NOW() + interval '2353 millisecond', 67.15);
INSERT INTO float_actual(key, fix, value) VALUES(182, NOW() + interval '1274 millisecond', 4.31);
INSERT INTO float_actual(key, fix, value) VALUES(183, NOW() + interval '732 millisecond', 48.47);
INSERT INTO float_actual(key, fix, value) VALUES(184, NOW() + interval '2576 millisecond', 18.41);
INSERT INTO float_actual(key, fix, value) VALUES(185, NOW() + interval '2405 millisecond', 73.74);
INSERT INTO float_actual(key, fix, value) VALUES(186, NOW() + interval '930 millisecond', 85.35);
INSERT INTO float_actual(key, fix, value) VALUES(187, NOW() + interval '935 millisecond', 67.88);
INSERT INTO float_actual(key, fix, value) VALUES(188, NOW() + interval '2632 millisecond', 46.3);
INSERT INTO float_actual(key, fix, value) VALUES(189, NOW() + interval '2268 millisecond', 64.85);
INSERT INTO float_actual(key, fix, value) VALUES(190, NOW() + interval '950 millisecond', 14.42);
INSERT INTO float_actual(key, fix, value) VALUES(191, NOW() + interval '2483 millisecond', 15.47);
INSERT INTO float_actual(key, fix, value) VALUES(192, NOW() + interval '2112 millisecond', 47.8);
INSERT INTO float_actual(key, fix, value) VALUES(193, NOW() + interval '1737 millisecond', 23.01);
INSERT INTO float_actual(key, fix, value) VALUES(194, NOW() + interval '1940 millisecond', 63.54);
INSERT INTO float_actual(key, fix, value) VALUES(195, NOW() + interval '1170 millisecond', 23.16);
INSERT INTO float_actual(key, fix, value) VALUES(196, NOW() + interval '1568 millisecond', 30.59);
INSERT INTO float_actual(key, fix, value) VALUES(197, NOW() + interval '394 millisecond', 21.33);
INSERT INTO float_actual(key, fix, value) VALUES(198, NOW() + interval '1584 millisecond', 76.44);
INSERT INTO float_actual(key, fix, value) VALUES(199, NOW() + interval '2786 millisecond', 93.43);
INSERT INTO float_actual(key, fix, value) VALUES(200, NOW() + interval '400 millisecond', 25.64);
INSERT INTO float_actual(key, fix, value) VALUES(201, NOW() + interval '2010 millisecond', 17.06);
INSERT INTO float_actual(key, fix, value) VALUES(202, NOW() + interval '2222 millisecond', 91.53);
INSERT INTO float_actual(key, fix, value) VALUES(203, NOW() + interval '1827 millisecond', 10.61);
INSERT INTO float_actual(key, fix, value) VALUES(204, NOW() + interval '1428 millisecond', 2.95);
INSERT INTO float_actual(key, fix, value) VALUES(205, NOW() + interval '1435 millisecond', 49.67);
INSERT INTO float_actual(key, fix, value) VALUES(206, NOW() + interval '2060 millisecond', 72.83);
INSERT INTO float_actual(key, fix, value) VALUES(207, NOW() + interval '2277 millisecond', 95.03);
INSERT INTO float_actual(key, fix, value) VALUES(208, NOW() + interval '2496 millisecond', 71.57);
INSERT INTO float_actual(key, fix, value) VALUES(209, NOW() + interval '2717 millisecond', 97.85);
INSERT INTO float_actual(key, fix, value) VALUES(210, NOW() + interval '1470 millisecond', 98.95);
INSERT INTO float_actual(key, fix, value) VALUES(211, NOW() + interval '2532 millisecond', 33.78);
INSERT INTO float_actual(key, fix, value) VALUES(212, NOW() + interval '2544 millisecond', 68.31);
INSERT INTO float_actual(key, fix, value) VALUES(213, NOW() + interval '852 millisecond', 2.9);
INSERT INTO float_actual(key, fix, value) VALUES(214, NOW() + interval '2568 millisecond', 10.65);
INSERT INTO float_actual(key, fix, value) VALUES(215, NOW() + interval '645 millisecond', 21.74);
INSERT INTO float_actual(key, fix, value) VALUES(216, NOW() + interval '1728 millisecond', 90.66);
INSERT INTO float_actual(key, fix, value) VALUES(217, NOW() + interval '1953 millisecond', 3.39);
INSERT INTO float_actual(key, fix, value) VALUES(218, NOW() + interval '1526 millisecond', 76.2);
INSERT INTO float_actual(key, fix, value) VALUES(219, NOW() + interval '1314 millisecond', 82.2);
INSERT INTO float_actual(key, fix, value) VALUES(220, NOW() + interval '2860 millisecond', 51.59);
INSERT INTO float_actual(key, fix, value) VALUES(221, NOW() + interval '2652 millisecond', 64.76);
INSERT INTO float_actual(key, fix, value) VALUES(222, NOW() + interval '888 millisecond', 84.45);
INSERT INTO float_actual(key, fix, value) VALUES(223, NOW() + interval '1784 millisecond', 81.37);
INSERT INTO float_actual(key, fix, value) VALUES(224, NOW() + interval '1792 millisecond', 12.31);
INSERT INTO float_actual(key, fix, value) VALUES(225, NOW() + interval '1350 millisecond', 79.21);
INSERT INTO float_actual(key, fix, value) VALUES(226, NOW() + interval '2712 millisecond', 95.68);
INSERT INTO float_actual(key, fix, value) VALUES(227, NOW() + interval '1816 millisecond', 5.32);
INSERT INTO float_actual(key, fix, value) VALUES(228, NOW() + interval '1596 millisecond', 36.64);
INSERT INTO float_actual(key, fix, value) VALUES(229, NOW() + interval '1374 millisecond', 8.8);
INSERT INTO float_actual(key, fix, value) VALUES(230, NOW() + interval '2530 millisecond', 56.45);
INSERT INTO float_actual(key, fix, value) VALUES(231, NOW() + interval '1155 millisecond', 32.85);
INSERT INTO float_actual(key, fix, value) VALUES(232, NOW() + interval '2784 millisecond', 23.61);
INSERT INTO float_actual(key, fix, value) VALUES(233, NOW() + interval '3262 millisecond', 78.4);
INSERT INTO float_actual(key, fix, value) VALUES(234, NOW() + interval '702 millisecond', 72.18);
INSERT INTO float_actual(key, fix, value) VALUES(235, NOW() + interval '1880 millisecond', 8.42);
INSERT INTO float_actual(key, fix, value) VALUES(236, NOW() + interval '1416 millisecond', 11.12);
INSERT INTO float_actual(key, fix, value) VALUES(237, NOW() + interval '474 millisecond', 90.41);
INSERT INTO float_actual(key, fix, value) VALUES(238, NOW() + interval '952 millisecond', 17.77);
INSERT INTO float_actual(key, fix, value) VALUES(239, NOW() + interval '717 millisecond', 97.87);
INSERT INTO float_actual(key, fix, value) VALUES(240, NOW() + interval '720 millisecond', 38.07);
INSERT INTO float_actual(key, fix, value) VALUES(241, NOW() + interval '1687 millisecond', 67.47);
INSERT INTO float_actual(key, fix, value) VALUES(242, NOW() + interval '2662 millisecond', 37.8);
INSERT INTO float_actual(key, fix, value) VALUES(243, NOW() + interval '1458 millisecond', 55.11);
INSERT INTO float_actual(key, fix, value) VALUES(244, NOW() + interval '1464 millisecond', 57.03);
INSERT INTO float_actual(key, fix, value) VALUES(245, NOW() + interval '2205 millisecond', 9.12);
INSERT INTO float_actual(key, fix, value) VALUES(246, NOW() + interval '1722 millisecond', 31.32);
INSERT INTO float_actual(key, fix, value) VALUES(247, NOW() + interval '494 millisecond', 33.76);
INSERT INTO float_actual(key, fix, value) VALUES(248, NOW() + interval '992 millisecond', 48.43);
INSERT INTO float_actual(key, fix, value) VALUES(249, NOW() + interval '2988 millisecond', 96.36);
INSERT INTO float_actual(key, fix, value) VALUES(250, NOW() + interval '3250 millisecond', 73.74);
INSERT INTO float_actual(key, fix, value) VALUES(251, NOW() + interval '2510 millisecond', 82.75);
INSERT INTO float_actual(key, fix, value) VALUES(252, NOW() + interval '2268 millisecond', 30.05);
INSERT INTO float_actual(key, fix, value) VALUES(253, NOW() + interval '1771 millisecond', 73.77);
INSERT INTO float_actual(key, fix, value) VALUES(254, NOW() + interval '3302 millisecond', 60.91);
INSERT INTO float_archive(key, fix, value) VALUES(1, NOW() + interval '12 millisecond', 27.11);
INSERT INTO float_archive(key, fix, value) VALUES(2, NOW() + interval '8 millisecond', 34.9);
INSERT INTO float_archive(key, fix, value) VALUES(3, NOW() + interval '39 millisecond', 35.79);
INSERT INTO float_archive(key, fix, value) VALUES(4, NOW() + interval '12 millisecond', 63.26);
INSERT INTO float_archive(key, fix, value) VALUES(5, NOW() + interval '45 millisecond', 48.04);
INSERT INTO float_archive(key, fix, value) VALUES(6, NOW() + interval '72 millisecond', 43.67);
INSERT INTO float_archive(key, fix, value) VALUES(7, NOW() + interval '42 millisecond', 55.21);
INSERT INTO float_archive(key, fix, value) VALUES(8, NOW() + interval '24 millisecond', 43.78);
INSERT INTO float_archive(key, fix, value) VALUES(9, NOW() + interval '90 millisecond', 3.76);
INSERT INTO float_archive(key, fix, value) VALUES(10, NOW() + interval '10 millisecond', 75.65);
INSERT INTO float_archive(key, fix, value) VALUES(11, NOW() + interval '110 millisecond', 71.01);
INSERT INTO float_archive(key, fix, value) VALUES(12, NOW() + interval '72 millisecond', 17.36);
INSERT INTO float_archive(key, fix, value) VALUES(13, NOW() + interval '39 millisecond', 42.34);
INSERT INTO float_archive(key, fix, value) VALUES(14, NOW() + interval '140 millisecond', 63.25);
INSERT INTO float_archive(key, fix, value) VALUES(15, NOW() + interval '30 millisecond', 43.89);
INSERT INTO float_archive(key, fix, value) VALUES(16, NOW() + interval '208 millisecond', 62.98);
INSERT INTO float_archive(key, fix, value) VALUES(17, NOW() + interval '170 millisecond', 78.31);
INSERT INTO float_archive(key, fix, value) VALUES(18, NOW() + interval '198 millisecond', 33.17);
INSERT INTO float_archive(key, fix, value) VALUES(19, NOW() + interval '228 millisecond', 10.3);
INSERT INTO float_archive(key, fix, value) VALUES(20, NOW() + interval '120 millisecond', 74.33);
INSERT INTO float_archive(key, fix, value) VALUES(21, NOW() + interval '84 millisecond', 57.5);
INSERT INTO float_archive(key, fix, value) VALUES(22, NOW() + interval '286 millisecond', 32.65);
INSERT INTO float_archive(key, fix, value) VALUES(23, NOW() + interval '69 millisecond', 43.77);
INSERT INTO float_archive(key, fix, value) VALUES(24, NOW() + interval '144 millisecond', 15.68);
INSERT INTO float_archive(key, fix, value) VALUES(25, NOW() + interval '250 millisecond', 17.4);
INSERT INTO float_archive(key, fix, value) VALUES(26, NOW() + interval '260 millisecond', 44.01);
INSERT INTO float_archive(key, fix, value) VALUES(27, NOW() + interval '297 millisecond', 12.39);
INSERT INTO float_archive(key, fix, value) VALUES(28, NOW() + interval '364 millisecond', 14.77);
INSERT INTO float_archive(key, fix, value) VALUES(29, NOW() + interval '377 millisecond', 7.34);
INSERT INTO float_archive(key, fix, value) VALUES(30, NOW() + interval '120 millisecond', 50.29);
INSERT INTO float_archive(key, fix, value) VALUES(31, NOW() + interval '310 millisecond', 47.11);
INSERT INTO float_archive(key, fix, value) VALUES(32, NOW() + interval '288 millisecond', 16.79);
INSERT INTO float_archive(key, fix, value) VALUES(33, NOW() + interval '297 millisecond', 23.78);
INSERT INTO float_archive(key, fix, value) VALUES(34, NOW() + interval '374 millisecond', 60.76);
INSERT INTO float_archive(key, fix, value) VALUES(35, NOW() + interval '420 millisecond', 80.51);
INSERT INTO float_archive(key, fix, value) VALUES(36, NOW() + interval '324 millisecond', 54.69);
INSERT INTO float_archive(key, fix, value) VALUES(37, NOW() + interval '370 millisecond', 26.58);
INSERT INTO float_archive(key, fix, value) VALUES(38, NOW() + interval '304 millisecond', 13.92);
INSERT INTO float_archive(key, fix, value) VALUES(39, NOW() + interval '468 millisecond', 6.19);
INSERT INTO float_archive(key, fix, value) VALUES(40, NOW() + interval '80 millisecond', 68.43);
INSERT INTO float_archive(key, fix, value) VALUES(41, NOW() + interval '82 millisecond', 53.26);
INSERT INTO float_archive(key, fix, value) VALUES(42, NOW() + interval '546 millisecond', 90.66);
INSERT INTO float_archive(key, fix, value) VALUES(43, NOW() + interval '473 millisecond', 47.78);
INSERT INTO float_archive(key, fix, value) VALUES(44, NOW() + interval '572 millisecond', 56.46);
INSERT INTO float_archive(key, fix, value) VALUES(45, NOW() + interval '585 millisecond', 58.25);
INSERT INTO float_archive(key, fix, value) VALUES(46, NOW() + interval '322 millisecond', 78.86);
INSERT INTO float_archive(key, fix, value) VALUES(47, NOW() + interval '611 millisecond', 88.31);
INSERT INTO float_archive(key, fix, value) VALUES(48, NOW() + interval '96 millisecond', 76.2);
INSERT INTO float_archive(key, fix, value) VALUES(49, NOW() + interval '49 millisecond', 72.72);
INSERT INTO float_archive(key, fix, value) VALUES(50, NOW() + interval '550 millisecond', 87.58);
INSERT INTO float_archive(key, fix, value) VALUES(51, NOW() + interval '510 millisecond', 73.81);
INSERT INTO float_archive(key, fix, value) VALUES(52, NOW() + interval '260 millisecond', 88.47);
INSERT INTO float_archive(key, fix, value) VALUES(53, NOW() + interval '477 millisecond', 12.14);
INSERT INTO float_archive(key, fix, value) VALUES(54, NOW() + interval '648 millisecond', 48.05);
INSERT INTO float_archive(key, fix, value) VALUES(55, NOW() + interval '495 millisecond', 77.34);
INSERT INTO float_archive(key, fix, value) VALUES(56, NOW() + interval '280 millisecond', 83.84);
INSERT INTO float_archive(key, fix, value) VALUES(57, NOW() + interval '57 millisecond', 54.18);
INSERT INTO float_archive(key, fix, value) VALUES(58, NOW() + interval '406 millisecond', 15.35);
INSERT INTO float_archive(key, fix, value) VALUES(59, NOW() + interval '472 millisecond', 64.44);
INSERT INTO float_archive(key, fix, value) VALUES(60, NOW() + interval '360 millisecond', 10.23);
INSERT INTO float_archive(key, fix, value) VALUES(61, NOW() + interval '366 millisecond', 20.13);
INSERT INTO float_archive(key, fix, value) VALUES(62, NOW() + interval '682 millisecond', 25.71);
INSERT INTO float_archive(key, fix, value) VALUES(63, NOW() + interval '378 millisecond', 78.61);
INSERT INTO float_archive(key, fix, value) VALUES(64, NOW() + interval '640 millisecond', 74.88);
INSERT INTO float_archive(key, fix, value) VALUES(65, NOW() + interval '260 millisecond', 76.05);
INSERT INTO float_archive(key, fix, value) VALUES(66, NOW() + interval '198 millisecond', 10.54);
INSERT INTO float_archive(key, fix, value) VALUES(67, NOW() + interval '335 millisecond', 18.31);
INSERT INTO float_archive(key, fix, value) VALUES(68, NOW() + interval '68 millisecond', 33.85);
INSERT INTO float_archive(key, fix, value) VALUES(69, NOW() + interval '276 millisecond', 5.71);
INSERT INTO float_archive(key, fix, value) VALUES(70, NOW() + interval '420 millisecond', 66.68);
INSERT INTO float_archive(key, fix, value) VALUES(71, NOW() + interval '710 millisecond', 42.06);
INSERT INTO float_archive(key, fix, value) VALUES(72, NOW() + interval '1008 millisecond', 11.48);
INSERT INTO float_archive(key, fix, value) VALUES(73, NOW() + interval '365 millisecond', 59.18);
INSERT INTO float_archive(key, fix, value) VALUES(74, NOW() + interval '814 millisecond', 33.42);
INSERT INTO float_archive(key, fix, value) VALUES(75, NOW() + interval '525 millisecond', 92.13);
INSERT INTO float_archive(key, fix, value) VALUES(76, NOW() + interval '304 millisecond', 37.87);
INSERT INTO float_archive(key, fix, value) VALUES(77, NOW() + interval '462 millisecond', 66.18);
INSERT INTO float_archive(key, fix, value) VALUES(78, NOW() + interval '624 millisecond', 48.82);
INSERT INTO float_archive(key, fix, value) VALUES(79, NOW() + interval '79 millisecond', 7.78);
INSERT INTO float_archive(key, fix, value) VALUES(80, NOW() + interval '640 millisecond', 79.34);
INSERT INTO float_archive(key, fix, value) VALUES(81, NOW() + interval '567 millisecond', 5.85);
INSERT INTO float_archive(key, fix, value) VALUES(82, NOW() + interval '410 millisecond', 82.13);
INSERT INTO float_archive(key, fix, value) VALUES(83, NOW() + interval '830 millisecond', 22.73);
INSERT INTO float_archive(key, fix, value) VALUES(84, NOW() + interval '672 millisecond', 83.03);
INSERT INTO float_archive(key, fix, value) VALUES(85, NOW() + interval '680 millisecond', 10.54);
INSERT INTO float_archive(key, fix, value) VALUES(86, NOW() + interval '1118 millisecond', 49);
INSERT INTO float_archive(key, fix, value) VALUES(87, NOW() + interval '435 millisecond', 71.18);
INSERT INTO float_archive(key, fix, value) VALUES(88, NOW() + interval '616 millisecond', 91.52);
INSERT INTO float_archive(key, fix, value) VALUES(89, NOW() + interval '356 millisecond', 62.22);
INSERT INTO float_archive(key, fix, value) VALUES(90, NOW() + interval '1260 millisecond', 78.2);
INSERT INTO float_archive(key, fix, value) VALUES(91, NOW() + interval '91 millisecond', 35.45);
INSERT INTO float_archive(key, fix, value) VALUES(92, NOW() + interval '460 millisecond', 26.86);
INSERT INTO float_archive(key, fix, value) VALUES(93, NOW() + interval '744 millisecond', 73.64);
INSERT INTO float_archive(key, fix, value) VALUES(94, NOW() + interval '1034 millisecond', 63.5);
INSERT INTO float_archive(key, fix, value) VALUES(95, NOW() + interval '855 millisecond', 52.43);
INSERT INTO float_archive(key, fix, value) VALUES(96, NOW() + interval '480 millisecond', 15.63);
INSERT INTO float_archive(key, fix, value) VALUES(97, NOW() + interval '776 millisecond', 53.27);
INSERT INTO float_archive(key, fix, value) VALUES(98, NOW() + interval '392 millisecond', 62.98);
INSERT INTO float_archive(key, fix, value) VALUES(99, NOW() + interval '297 millisecond', 16.06);
INSERT INTO float_archive(key, fix, value) VALUES(100, NOW() + interval '700 millisecond', 5.88);
INSERT INTO float_archive(key, fix, value) VALUES(101, NOW() + interval '202 millisecond', 94.39);
INSERT INTO float_archive(key, fix, value) VALUES(102, NOW() + interval '1224 millisecond', 37.01);
INSERT INTO float_archive(key, fix, value) VALUES(103, NOW() + interval '1442 millisecond', 74.26);
INSERT INTO float_archive(key, fix, value) VALUES(104, NOW() + interval '208 millisecond', 63.57);
INSERT INTO float_archive(key, fix, value) VALUES(105, NOW() + interval '420 millisecond', 62.39);
INSERT INTO float_archive(key, fix, value) VALUES(106, NOW() + interval '530 millisecond', 39.66);
INSERT INTO float_archive(key, fix, value) VALUES(107, NOW() + interval '214 millisecond', 72.79);
INSERT INTO float_archive(key, fix, value) VALUES(108, NOW() + interval '1296 millisecond', 9.59);
INSERT INTO float_archive(key, fix, value) VALUES(109, NOW() + interval '1199 millisecond', 3.96);
INSERT INTO float_archive(key, fix, value) VALUES(110, NOW() + interval '550 millisecond', 92.1);
INSERT INTO float_archive(key, fix, value) VALUES(111, NOW() + interval '777 millisecond', 90.56);
INSERT INTO float_archive(key, fix, value) VALUES(112, NOW() + interval '448 millisecond', 2.28);
INSERT INTO float_archive(key, fix, value) VALUES(113, NOW() + interval '1243 millisecond', 78.08);
INSERT INTO float_archive(key, fix, value) VALUES(114, NOW() + interval '1596 millisecond', 78.46);
INSERT INTO float_archive(key, fix, value) VALUES(115, NOW() + interval '920 millisecond', 78.32);
INSERT INTO float_archive(key, fix, value) VALUES(116, NOW() + interval '1392 millisecond', 7.66);
INSERT INTO float_archive(key, fix, value) VALUES(117, NOW() + interval '468 millisecond', 92.98);
INSERT INTO float_archive(key, fix, value) VALUES(118, NOW() + interval '1298 millisecond', 6.7);
INSERT INTO float_archive(key, fix, value) VALUES(119, NOW() + interval '952 millisecond', 92.09);
INSERT INTO float_archive(key, fix, value) VALUES(120, NOW() + interval '600 millisecond', 78.42);
INSERT INTO float_archive(key, fix, value) VALUES(121, NOW() + interval '1210 millisecond', 12.12);
INSERT INTO float_archive(key, fix, value) VALUES(122, NOW() + interval '732 millisecond', 1.91);
INSERT INTO float_archive(key, fix, value) VALUES(123, NOW() + interval '615 millisecond', 92.22);
INSERT INTO float_archive(key, fix, value) VALUES(124, NOW() + interval '248 millisecond', 79.95);
INSERT INTO float_archive(key, fix, value) VALUES(125, NOW() + interval '1375 millisecond', 15.69);
INSERT INTO float_archive(key, fix, value) VALUES(126, NOW() + interval '1638 millisecond', 10.91);
INSERT INTO float_archive(key, fix, value) VALUES(127, NOW() + interval '1524 millisecond', 51.68);
INSERT INTO float_archive(key, fix, value) VALUES(128, NOW() + interval '1152 millisecond', 14.46);
INSERT INTO float_archive(key, fix, value) VALUES(129, NOW() + interval '1419 millisecond', 78.21);
INSERT INTO float_archive(key, fix, value) VALUES(130, NOW() + interval '1170 millisecond', 22.11);
INSERT INTO float_archive(key, fix, value) VALUES(131, NOW() + interval '1572 millisecond', 27.59);
INSERT INTO float_archive(key, fix, value) VALUES(132, NOW() + interval '396 millisecond', 46.47);
INSERT INTO float_archive(key, fix, value) VALUES(133, NOW() + interval '1596 millisecond', 21.08);
INSERT INTO float_archive(key, fix, value) VALUES(134, NOW() + interval '536 millisecond', 15.83);
INSERT INTO float_archive(key, fix, value) VALUES(135, NOW() + interval '1890 millisecond', 73.32);
INSERT INTO float_archive(key, fix, value) VALUES(136, NOW() + interval '1088 millisecond', 82.69);
INSERT INTO float_archive(key, fix, value) VALUES(137, NOW() + interval '1507 millisecond', 50.92);
INSERT INTO float_archive(key, fix, value) VALUES(138, NOW() + interval '552 millisecond', 36.7);
INSERT INTO float_archive(key, fix, value) VALUES(139, NOW() + interval '1112 millisecond', 20.46);
INSERT INTO float_archive(key, fix, value) VALUES(140, NOW() + interval '1540 millisecond', 84.48);
INSERT INTO float_archive(key, fix, value) VALUES(141, NOW() + interval '1551 millisecond', 16.2);
INSERT INTO float_archive(key, fix, value) VALUES(142, NOW() + interval '284 millisecond', 33.86);
INSERT INTO float_archive(key, fix, value) VALUES(143, NOW() + interval '1859 millisecond', 69.39);
INSERT INTO float_archive(key, fix, value) VALUES(144, NOW() + interval '576 millisecond', 66.67);
INSERT INTO float_archive(key, fix, value) VALUES(145, NOW() + interval '870 millisecond', 60.49);
INSERT INTO float_archive(key, fix, value) VALUES(146, NOW() + interval '730 millisecond', 76.66);
INSERT INTO float_archive(key, fix, value) VALUES(147, NOW() + interval '882 millisecond', 6.33);
INSERT INTO float_archive(key, fix, value) VALUES(148, NOW() + interval '2072 millisecond', 41.77);
INSERT INTO float_archive(key, fix, value) VALUES(149, NOW() + interval '2086 millisecond', 92.15);
INSERT INTO float_archive(key, fix, value) VALUES(150, NOW() + interval '600 millisecond', 6.24);
INSERT INTO float_archive(key, fix, value) VALUES(151, NOW() + interval '1661 millisecond', 90.88);
INSERT INTO float_archive(key, fix, value) VALUES(152, NOW() + interval '1824 millisecond', 1.71);
INSERT INTO float_archive(key, fix, value) VALUES(153, NOW() + interval '1377 millisecond', 5.41);
INSERT INTO float_archive(key, fix, value) VALUES(154, NOW() + interval '924 millisecond', 35.69);
INSERT INTO float_archive(key, fix, value) VALUES(155, NOW() + interval '775 millisecond', 22.14);
INSERT INTO float_archive(key, fix, value) VALUES(156, NOW() + interval '1404 millisecond', 55.2);
INSERT INTO float_archive(key, fix, value) VALUES(157, NOW() + interval '314 millisecond', 73.86);
INSERT INTO float_archive(key, fix, value) VALUES(158, NOW() + interval '1264 millisecond', 63.68);
INSERT INTO float_archive(key, fix, value) VALUES(159, NOW() + interval '636 millisecond', 81.94);
INSERT INTO float_archive(key, fix, value) VALUES(160, NOW() + interval '1280 millisecond', 14.48);
INSERT INTO float_archive(key, fix, value) VALUES(161, NOW() + interval '2254 millisecond', 54.54);
INSERT INTO float_archive(key, fix, value) VALUES(162, NOW() + interval '1944 millisecond', 39.13);
INSERT INTO float_archive(key, fix, value) VALUES(163, NOW() + interval '1141 millisecond', 76.1);
INSERT INTO float_archive(key, fix, value) VALUES(164, NOW() + interval '1312 millisecond', 70.96);
INSERT INTO float_archive(key, fix, value) VALUES(165, NOW() + interval '1320 millisecond', 82.74);
INSERT INTO float_archive(key, fix, value) VALUES(166, NOW() + interval '1162 millisecond', 59.7);
INSERT INTO float_archive(key, fix, value) VALUES(167, NOW() + interval '167 millisecond', 70.48);
INSERT INTO float_archive(key, fix, value) VALUES(168, NOW() + interval '504 millisecond', 80.38);
INSERT INTO float_archive(key, fix, value) VALUES(169, NOW() + interval '1014 millisecond', 5.37);
INSERT INTO float_archive(key, fix, value) VALUES(170, NOW() + interval '1870 millisecond', 86.57);
INSERT INTO float_archive(key, fix, value) VALUES(171, NOW() + interval '1026 millisecond', 85.25);
INSERT INTO float_archive(key, fix, value) VALUES(172, NOW() + interval '1032 millisecond', 15.64);
INSERT INTO float_archive(key, fix, value) VALUES(173, NOW() + interval '2422 millisecond', 75.73);
INSERT INTO float_archive(key, fix, value) VALUES(174, NOW() + interval '1914 millisecond', 59.78);
INSERT INTO float_archive(key, fix, value) VALUES(175, NOW() + interval '1575 millisecond', 36.63);
INSERT INTO float_archive(key, fix, value) VALUES(176, NOW() + interval '704 millisecond', 14.27);
INSERT INTO float_archive(key, fix, value) VALUES(177, NOW() + interval '1062 millisecond', 5.33);
INSERT INTO float_archive(key, fix, value) VALUES(178, NOW() + interval '356 millisecond', 18.24);
INSERT INTO float_archive(key, fix, value) VALUES(179, NOW() + interval '537 millisecond', 42.98);
INSERT INTO float_archive(key, fix, value) VALUES(180, NOW() + interval '1620 millisecond', 84.86);
INSERT INTO float_archive(key, fix, value) VALUES(181, NOW() + interval '1448 millisecond', 62.55);
INSERT INTO float_archive(key, fix, value) VALUES(182, NOW() + interval '2184 millisecond', 44.34);
INSERT INTO float_archive(key, fix, value) VALUES(183, NOW() + interval '2196 millisecond', 2.82);
INSERT INTO float_archive(key, fix, value) VALUES(184, NOW() + interval '1472 millisecond', 32.77);
INSERT INTO float_archive(key, fix, value) VALUES(185, NOW() + interval '1665 millisecond', 68.5);
INSERT INTO float_archive(key, fix, value) VALUES(186, NOW() + interval '930 millisecond', 18.79);
INSERT INTO float_archive(key, fix, value) VALUES(187, NOW() + interval '561 millisecond', 67.81);
INSERT INTO float_archive(key, fix, value) VALUES(188, NOW() + interval '2068 millisecond', 14.79);
INSERT INTO float_archive(key, fix, value) VALUES(189, NOW() + interval '567 millisecond', 64.18);
INSERT INTO float_archive(key, fix, value) VALUES(190, NOW() + interval '1140 millisecond', 66.55);
INSERT INTO float_archive(key, fix, value) VALUES(191, NOW() + interval '382 millisecond', 89.16);
INSERT INTO float_archive(key, fix, value) VALUES(192, NOW() + interval '576 millisecond', 15.76);
INSERT INTO float_archive(key, fix, value) VALUES(193, NOW() + interval '1930 millisecond', 27.98);
INSERT INTO float_archive(key, fix, value) VALUES(194, NOW() + interval '776 millisecond', 97.09);
INSERT INTO float_archive(key, fix, value) VALUES(195, NOW() + interval '1950 millisecond', 95.23);
INSERT INTO float_archive(key, fix, value) VALUES(196, NOW() + interval '1960 millisecond', 91.02);
INSERT INTO float_archive(key, fix, value) VALUES(197, NOW() + interval '1379 millisecond', 86.07);
INSERT INTO float_archive(key, fix, value) VALUES(198, NOW() + interval '990 millisecond', 73.22);
INSERT INTO float_archive(key, fix, value) VALUES(199, NOW() + interval '199 millisecond', 95.16);
INSERT INTO float_archive(key, fix, value) VALUES(200, NOW() + interval '1200 millisecond', 96.93);
INSERT INTO float_archive(key, fix, value) VALUES(201, NOW() + interval '804 millisecond', 42.4);
INSERT INTO float_archive(key, fix, value) VALUES(202, NOW() + interval '2828 millisecond', 86.98);
INSERT INTO float_archive(key, fix, value) VALUES(203, NOW() + interval '406 millisecond', 2.47);
INSERT INTO float_archive(key, fix, value) VALUES(204, NOW() + interval '408 millisecond', 69.86);
INSERT INTO float_archive(key, fix, value) VALUES(205, NOW() + interval '1025 millisecond', 91.31);
INSERT INTO float_archive(key, fix, value) VALUES(206, NOW() + interval '412 millisecond', 48.66);
INSERT INTO float_archive(key, fix, value) VALUES(207, NOW() + interval '414 millisecond', 90.91);
INSERT INTO float_archive(key, fix, value) VALUES(208, NOW() + interval '2496 millisecond', 65.34);
INSERT INTO float_archive(key, fix, value) VALUES(209, NOW() + interval '1463 millisecond', 69.31);
INSERT INTO float_archive(key, fix, value) VALUES(210, NOW() + interval '2520 millisecond', 53.68);
INSERT INTO float_archive(key, fix, value) VALUES(211, NOW() + interval '2532 millisecond', 55.6);
INSERT INTO float_archive(key, fix, value) VALUES(212, NOW() + interval '2120 millisecond', 65.06);
INSERT INTO float_archive(key, fix, value) VALUES(213, NOW() + interval '213 millisecond', 38.57);
INSERT INTO float_archive(key, fix, value) VALUES(214, NOW() + interval '2354 millisecond', 24.84);
INSERT INTO float_archive(key, fix, value) VALUES(215, NOW() + interval '1290 millisecond', 5.39);
INSERT INTO float_archive(key, fix, value) VALUES(216, NOW() + interval '648 millisecond', 19.79);
INSERT INTO float_archive(key, fix, value) VALUES(217, NOW() + interval '1085 millisecond', 42.36);
INSERT INTO float_archive(key, fix, value) VALUES(218, NOW() + interval '1526 millisecond', 60.29);
INSERT INTO float_archive(key, fix, value) VALUES(219, NOW() + interval '2847 millisecond', 28.4);
INSERT INTO float_archive(key, fix, value) VALUES(220, NOW() + interval '440 millisecond', 62.65);
INSERT INTO float_archive(key, fix, value) VALUES(221, NOW() + interval '884 millisecond', 52.06);
INSERT INTO float_archive(key, fix, value) VALUES(222, NOW() + interval '2442 millisecond', 72.98);
INSERT INTO float_archive(key, fix, value) VALUES(223, NOW() + interval '2899 millisecond', 20.66);
INSERT INTO float_archive(key, fix, value) VALUES(224, NOW() + interval '2912 millisecond', 55.03);
INSERT INTO float_archive(key, fix, value) VALUES(225, NOW() + interval '450 millisecond', 66.63);
INSERT INTO float_archive(key, fix, value) VALUES(226, NOW() + interval '1130 millisecond', 32.64);
INSERT INTO float_archive(key, fix, value) VALUES(227, NOW() + interval '681 millisecond', 80.2);
INSERT INTO float_archive(key, fix, value) VALUES(228, NOW() + interval '912 millisecond', 67.35);
INSERT INTO float_archive(key, fix, value) VALUES(229, NOW() + interval '2519 millisecond', 34.33);
INSERT INTO float_archive(key, fix, value) VALUES(230, NOW() + interval '2990 millisecond', 68.37);
INSERT INTO float_archive(key, fix, value) VALUES(231, NOW() + interval '1155 millisecond', 78.41);
INSERT INTO float_archive(key, fix, value) VALUES(232, NOW() + interval '1392 millisecond', 23.11);
INSERT INTO float_archive(key, fix, value) VALUES(233, NOW() + interval '2796 millisecond', 83.41);
INSERT INTO float_archive(key, fix, value) VALUES(234, NOW() + interval '936 millisecond', 61.23);
INSERT INTO float_archive(key, fix, value) VALUES(235, NOW() + interval '1645 millisecond', 23.64);
INSERT INTO float_archive(key, fix, value) VALUES(236, NOW() + interval '2596 millisecond', 20.53);
INSERT INTO float_archive(key, fix, value) VALUES(237, NOW() + interval '2133 millisecond', 18.34);
INSERT INTO float_archive(key, fix, value) VALUES(238, NOW() + interval '1190 millisecond', 28.73);
INSERT INTO float_archive(key, fix, value) VALUES(239, NOW() + interval '2868 millisecond', 93.53);
INSERT INTO float_archive(key, fix, value) VALUES(240, NOW() + interval '2640 millisecond', 80.3);
INSERT INTO float_archive(key, fix, value) VALUES(241, NOW() + interval '1928 millisecond', 17.72);
INSERT INTO float_archive(key, fix, value) VALUES(242, NOW() + interval '968 millisecond', 69.1);
INSERT INTO float_archive(key, fix, value) VALUES(243, NOW() + interval '2673 millisecond', 80.1);
INSERT INTO float_archive(key, fix, value) VALUES(244, NOW() + interval '488 millisecond', 50.01);
INSERT INTO float_archive(key, fix, value) VALUES(245, NOW() + interval '980 millisecond', 76.16);
INSERT INTO float_archive(key, fix, value) VALUES(246, NOW() + interval '2952 millisecond', 57.21);
INSERT INTO float_archive(key, fix, value) VALUES(247, NOW() + interval '1729 millisecond', 40.35);
INSERT INTO float_archive(key, fix, value) VALUES(248, NOW() + interval '1488 millisecond', 46.21);
INSERT INTO float_archive(key, fix, value) VALUES(249, NOW() + interval '996 millisecond', 49.13);
INSERT INTO float_archive(key, fix, value) VALUES(250, NOW() + interval '3500 millisecond', 10.4);
INSERT INTO float_archive(key, fix, value) VALUES(251, NOW() + interval '251 millisecond', 27.97);
INSERT INTO float_archive(key, fix, value) VALUES(252, NOW() + interval '504 millisecond', 80.27);
INSERT INTO float_archive(key, fix, value) VALUES(253, NOW() + interval '3289 millisecond', 7.39);
INSERT INTO float_archive(key, fix, value) VALUES(254, NOW() + interval '2794 millisecond', 97.6);
INSERT INTO float_archive(key, fix, value) VALUES(1, NOW() + interval '8 millisecond', 89.17);
INSERT INTO float_archive(key, fix, value) VALUES(2, NOW() + interval '24 millisecond', 80.38);
INSERT INTO float_archive(key, fix, value) VALUES(3, NOW() + interval '27 millisecond', 7.49);
INSERT INTO float_archive(key, fix, value) VALUES(4, NOW() + interval '16 millisecond', 13.77);
INSERT INTO float_archive(key, fix, value) VALUES(5, NOW() + interval '45 millisecond', 64.93);
INSERT INTO float_archive(key, fix, value) VALUES(6, NOW() + interval '42 millisecond', 98.37);
INSERT INTO float_archive(key, fix, value) VALUES(7, NOW() + interval '84 millisecond', 68.35);
INSERT INTO float_archive(key, fix, value) VALUES(8, NOW() + interval '48 millisecond', 71.15);
INSERT INTO float_archive(key, fix, value) VALUES(9, NOW() + interval '54 millisecond', 18.37);
INSERT INTO float_archive(key, fix, value) VALUES(10, NOW() + interval '120 millisecond', 22.01);
INSERT INTO float_archive(key, fix, value) VALUES(11, NOW() + interval '132 millisecond', 82.75);
INSERT INTO float_archive(key, fix, value) VALUES(12, NOW() + interval '36 millisecond', 36);
INSERT INTO float_archive(key, fix, value) VALUES(13, NOW() + interval '13 millisecond', 62.62);
INSERT INTO float_archive(key, fix, value) VALUES(14, NOW() + interval '168 millisecond', 23.17);
INSERT INTO float_archive(key, fix, value) VALUES(15, NOW() + interval '30 millisecond', 40.56);
INSERT INTO float_archive(key, fix, value) VALUES(16, NOW() + interval '176 millisecond', 71.84);
INSERT INTO float_archive(key, fix, value) VALUES(17, NOW() + interval '34 millisecond', 6.14);
INSERT INTO float_archive(key, fix, value) VALUES(18, NOW() + interval '252 millisecond', 35.18);
INSERT INTO float_archive(key, fix, value) VALUES(19, NOW() + interval '247 millisecond', 5.89);
INSERT INTO float_archive(key, fix, value) VALUES(20, NOW() + interval '280 millisecond', 34.89);
INSERT INTO float_archive(key, fix, value) VALUES(21, NOW() + interval '84 millisecond', 21.03);
INSERT INTO float_archive(key, fix, value) VALUES(22, NOW() + interval '286 millisecond', 53);
INSERT INTO float_archive(key, fix, value) VALUES(23, NOW() + interval '46 millisecond', 94.17);
INSERT INTO float_archive(key, fix, value) VALUES(24, NOW() + interval '120 millisecond', 33.85);
INSERT INTO float_archive(key, fix, value) VALUES(25, NOW() + interval '325 millisecond', 36.47);
INSERT INTO float_archive(key, fix, value) VALUES(26, NOW() + interval '182 millisecond', 74.46);
INSERT INTO float_archive(key, fix, value) VALUES(27, NOW() + interval '135 millisecond', 50.04);
INSERT INTO float_archive(key, fix, value) VALUES(28, NOW() + interval '84 millisecond', 68.39);
INSERT INTO float_archive(key, fix, value) VALUES(29, NOW() + interval '348 millisecond', 47.98);
INSERT INTO float_archive(key, fix, value) VALUES(30, NOW() + interval '360 millisecond', 98.58);
INSERT INTO float_archive(key, fix, value) VALUES(31, NOW() + interval '155 millisecond', 95.83);
INSERT INTO float_archive(key, fix, value) VALUES(32, NOW() + interval '64 millisecond', 18.8);
INSERT INTO float_archive(key, fix, value) VALUES(33, NOW() + interval '429 millisecond', 71.94);
INSERT INTO float_archive(key, fix, value) VALUES(34, NOW() + interval '442 millisecond', 75.29);
INSERT INTO float_archive(key, fix, value) VALUES(35, NOW() + interval '350 millisecond', 3.48);
INSERT INTO float_archive(key, fix, value) VALUES(36, NOW() + interval '396 millisecond', 33.25);
INSERT INTO float_archive(key, fix, value) VALUES(37, NOW() + interval '148 millisecond', 45.03);
INSERT INTO float_archive(key, fix, value) VALUES(38, NOW() + interval '38 millisecond', 64.28);
INSERT INTO float_archive(key, fix, value) VALUES(39, NOW() + interval '546 millisecond', 57.7);
INSERT INTO float_archive(key, fix, value) VALUES(40, NOW() + interval '200 millisecond', 6.73);
INSERT INTO float_archive(key, fix, value) VALUES(41, NOW() + interval '246 millisecond', 46.02);
INSERT INTO float_archive(key, fix, value) VALUES(42, NOW() + interval '210 millisecond', 73.53);
INSERT INTO float_archive(key, fix, value) VALUES(43, NOW() + interval '602 millisecond', 3.59);
INSERT INTO float_archive(key, fix, value) VALUES(44, NOW() + interval '308 millisecond', 59.79);
INSERT INTO float_archive(key, fix, value) VALUES(45, NOW() + interval '585 millisecond', 30.38);
INSERT INTO float_archive(key, fix, value) VALUES(46, NOW() + interval '368 millisecond', 45.96);
INSERT INTO float_archive(key, fix, value) VALUES(47, NOW() + interval '188 millisecond', 95.45);
INSERT INTO float_archive(key, fix, value) VALUES(48, NOW() + interval '96 millisecond', 25.43);
INSERT INTO float_archive(key, fix, value) VALUES(49, NOW() + interval '147 millisecond', 69.83);
INSERT INTO float_archive(key, fix, value) VALUES(50, NOW() + interval '500 millisecond', 33.31);
INSERT INTO float_archive(key, fix, value) VALUES(51, NOW() + interval '102 millisecond', 53.58);
INSERT INTO float_archive(key, fix, value) VALUES(52, NOW() + interval '468 millisecond', 87.61);
INSERT INTO float_archive(key, fix, value) VALUES(53, NOW() + interval '477 millisecond', 11.53);
INSERT INTO float_archive(key, fix, value) VALUES(54, NOW() + interval '432 millisecond', 82.34);
INSERT INTO float_archive(key, fix, value) VALUES(55, NOW() + interval '440 millisecond', 49.78);
INSERT INTO float_archive(key, fix, value) VALUES(56, NOW() + interval '616 millisecond', 22.54);
INSERT INTO float_archive(key, fix, value) VALUES(57, NOW() + interval '171 millisecond', 74.52);
INSERT INTO float_archive(key, fix, value) VALUES(58, NOW() + interval '580 millisecond', 81.5);
INSERT INTO float_archive(key, fix, value) VALUES(59, NOW() + interval '590 millisecond', 30.15);
INSERT INTO float_archive(key, fix, value) VALUES(60, NOW() + interval '240 millisecond', 85.07);
INSERT INTO float_archive(key, fix, value) VALUES(61, NOW() + interval '305 millisecond', 30.53);
INSERT INTO float_archive(key, fix, value) VALUES(62, NOW() + interval '744 millisecond', 40.98);
INSERT INTO float_archive(key, fix, value) VALUES(63, NOW() + interval '441 millisecond', 33.01);
INSERT INTO float_archive(key, fix, value) VALUES(64, NOW() + interval '128 millisecond', 26.91);
INSERT INTO float_archive(key, fix, value) VALUES(65, NOW() + interval '390 millisecond', 75.23);
INSERT INTO float_archive(key, fix, value) VALUES(66, NOW() + interval '462 millisecond', 26.06);
INSERT INTO float_archive(key, fix, value) VALUES(67, NOW() + interval '871 millisecond', 97.33);
INSERT INTO float_archive(key, fix, value) VALUES(68, NOW() + interval '68 millisecond', 80.07);
INSERT INTO float_archive(key, fix, value) VALUES(69, NOW() + interval '828 millisecond', 44.37);
INSERT INTO float_archive(key, fix, value) VALUES(70, NOW() + interval '210 millisecond', 86.01);
INSERT INTO float_archive(key, fix, value) VALUES(71, NOW() + interval '568 millisecond', 62.02);
INSERT INTO float_archive(key, fix, value) VALUES(72, NOW() + interval '216 millisecond', 42.2);
INSERT INTO float_archive(key, fix, value) VALUES(73, NOW() + interval '657 millisecond', 34.16);
INSERT INTO float_archive(key, fix, value) VALUES(74, NOW() + interval '370 millisecond', 50.01);
INSERT INTO float_archive(key, fix, value) VALUES(75, NOW() + interval '375 millisecond', 25.77);
INSERT INTO float_archive(key, fix, value) VALUES(76, NOW() + interval '684 millisecond', 87.11);
INSERT INTO float_archive(key, fix, value) VALUES(77, NOW() + interval '616 millisecond', 79.17);
INSERT INTO float_archive(key, fix, value) VALUES(78, NOW() + interval '156 millisecond', 75.1);
INSERT INTO float_archive(key, fix, value) VALUES(79, NOW() + interval '790 millisecond', 23.29);
INSERT INTO float_archive(key, fix, value) VALUES(80, NOW() + interval '560 millisecond', 26.25);
INSERT INTO float_archive(key, fix, value) VALUES(81, NOW() + interval '162 millisecond', 26.95);
INSERT INTO float_archive(key, fix, value) VALUES(82, NOW() + interval '574 millisecond', 74.06);
INSERT INTO float_archive(key, fix, value) VALUES(83, NOW() + interval '166 millisecond', 48.21);
INSERT INTO float_archive(key, fix, value) VALUES(84, NOW() + interval '420 millisecond', 19.9);
INSERT INTO float_archive(key, fix, value) VALUES(85, NOW() + interval '935 millisecond', 84.75);
INSERT INTO float_archive(key, fix, value) VALUES(86, NOW() + interval '1204 millisecond', 21.24);
INSERT INTO float_archive(key, fix, value) VALUES(87, NOW() + interval '261 millisecond', 35.14);
INSERT INTO float_archive(key, fix, value) VALUES(88, NOW() + interval '528 millisecond', 65.45);
INSERT INTO float_archive(key, fix, value) VALUES(89, NOW() + interval '356 millisecond', 42.89);
INSERT INTO float_archive(key, fix, value) VALUES(90, NOW() + interval '1080 millisecond', 14.38);
INSERT INTO float_archive(key, fix, value) VALUES(91, NOW() + interval '182 millisecond', 58.6);
INSERT INTO float_archive(key, fix, value) VALUES(92, NOW() + interval '1288 millisecond', 13.75);
INSERT INTO float_archive(key, fix, value) VALUES(93, NOW() + interval '279 millisecond', 59.82);
INSERT INTO float_archive(key, fix, value) VALUES(94, NOW() + interval '1034 millisecond', 14.19);
INSERT INTO float_archive(key, fix, value) VALUES(95, NOW() + interval '1235 millisecond', 25.9);
INSERT INTO float_archive(key, fix, value) VALUES(96, NOW() + interval '288 millisecond', 60.22);
INSERT INTO float_archive(key, fix, value) VALUES(97, NOW() + interval '194 millisecond', 89.78);
INSERT INTO float_archive(key, fix, value) VALUES(98, NOW() + interval '1176 millisecond', 24.55);
INSERT INTO float_archive(key, fix, value) VALUES(99, NOW() + interval '297 millisecond', 36.33);
INSERT INTO float_archive(key, fix, value) VALUES(100, NOW() + interval '600 millisecond', 9.66);
INSERT INTO float_archive(key, fix, value) VALUES(101, NOW() + interval '202 millisecond', 10.6);
INSERT INTO float_archive(key, fix, value) VALUES(102, NOW() + interval '1122 millisecond', 45.78);
INSERT INTO float_archive(key, fix, value) VALUES(103, NOW() + interval '515 millisecond', 40.35);
INSERT INTO float_archive(key, fix, value) VALUES(104, NOW() + interval '1144 millisecond', 15.31);
INSERT INTO float_archive(key, fix, value) VALUES(105, NOW() + interval '735 millisecond', 40.29);
INSERT INTO float_archive(key, fix, value) VALUES(106, NOW() + interval '848 millisecond', 27.38);
INSERT INTO float_archive(key, fix, value) VALUES(107, NOW() + interval '642 millisecond', 28.33);
INSERT INTO float_archive(key, fix, value) VALUES(108, NOW() + interval '432 millisecond', 44.22);
INSERT INTO float_archive(key, fix, value) VALUES(109, NOW() + interval '545 millisecond', 32.71);
INSERT INTO float_archive(key, fix, value) VALUES(110, NOW() + interval '990 millisecond', 42.93);
INSERT INTO float_archive(key, fix, value) VALUES(111, NOW() + interval '1221 millisecond', 16.77);
INSERT INTO float_archive(key, fix, value) VALUES(112, NOW() + interval '560 millisecond', 49.38);
INSERT INTO float_archive(key, fix, value) VALUES(113, NOW() + interval '1243 millisecond', 39.53);
INSERT INTO float_archive(key, fix, value) VALUES(114, NOW() + interval '456 millisecond', 24.23);
INSERT INTO float_archive(key, fix, value) VALUES(115, NOW() + interval '920 millisecond', 12.67);
INSERT INTO float_archive(key, fix, value) VALUES(116, NOW() + interval '928 millisecond', 83.69);
INSERT INTO float_archive(key, fix, value) VALUES(117, NOW() + interval '234 millisecond', 75.21);
INSERT INTO float_archive(key, fix, value) VALUES(118, NOW() + interval '236 millisecond', 93.68);
INSERT INTO float_archive(key, fix, value) VALUES(119, NOW() + interval '1428 millisecond', 50.51);
INSERT INTO float_archive(key, fix, value) VALUES(120, NOW() + interval '1560 millisecond', 75.07);
INSERT INTO float_archive(key, fix, value) VALUES(121, NOW() + interval '1452 millisecond', 62.08);
INSERT INTO float_archive(key, fix, value) VALUES(122, NOW() + interval '1220 millisecond', 53.07);
INSERT INTO float_archive(key, fix, value) VALUES(123, NOW() + interval '1230 millisecond', 84.2);
INSERT INTO float_archive(key, fix, value) VALUES(124, NOW() + interval '496 millisecond', 75.11);
INSERT INTO float_archive(key, fix, value) VALUES(125, NOW() + interval '1250 millisecond', 40.74);
INSERT INTO float_archive(key, fix, value) VALUES(126, NOW() + interval '1638 millisecond', 84.62);
INSERT INTO float_archive(key, fix, value) VALUES(127, NOW() + interval '1397 millisecond', 96.41);
INSERT INTO float_archive(key, fix, value) VALUES(128, NOW() + interval '768 millisecond', 88.21);
INSERT INTO float_archive(key, fix, value) VALUES(129, NOW() + interval '1548 millisecond', 27.12);
INSERT INTO float_archive(key, fix, value) VALUES(130, NOW() + interval '1430 millisecond', 86.38);
INSERT INTO float_archive(key, fix, value) VALUES(131, NOW() + interval '524 millisecond', 50.63);
INSERT INTO float_archive(key, fix, value) VALUES(132, NOW() + interval '1320 millisecond', 32.93);
INSERT INTO float_archive(key, fix, value) VALUES(133, NOW() + interval '1729 millisecond', 71.28);
INSERT INTO float_archive(key, fix, value) VALUES(134, NOW() + interval '536 millisecond', 63.11);
INSERT INTO float_archive(key, fix, value) VALUES(135, NOW() + interval '540 millisecond', 28.18);
INSERT INTO float_archive(key, fix, value) VALUES(136, NOW() + interval '1224 millisecond', 80.05);
INSERT INTO float_archive(key, fix, value) VALUES(137, NOW() + interval '959 millisecond', 83.48);
INSERT INTO float_archive(key, fix, value) VALUES(138, NOW() + interval '1242 millisecond', 10.52);
INSERT INTO float_archive(key, fix, value) VALUES(139, NOW() + interval '973 millisecond', 73.36);
INSERT INTO float_archive(key, fix, value) VALUES(140, NOW() + interval '1680 millisecond', 88.87);
INSERT INTO float_archive(key, fix, value) VALUES(141, NOW() + interval '423 millisecond', 42.6);
INSERT INTO float_archive(key, fix, value) VALUES(142, NOW() + interval '1136 millisecond', 11.21);
INSERT INTO float_archive(key, fix, value) VALUES(143, NOW() + interval '572 millisecond', 63.39);
INSERT INTO float_archive(key, fix, value) VALUES(144, NOW() + interval '288 millisecond', 7.03);
INSERT INTO float_archive(key, fix, value) VALUES(145, NOW() + interval '870 millisecond', 21.09);
INSERT INTO float_archive(key, fix, value) VALUES(146, NOW() + interval '438 millisecond', 56.76);
INSERT INTO float_archive(key, fix, value) VALUES(147, NOW() + interval '1764 millisecond', 1.35);
INSERT INTO float_archive(key, fix, value) VALUES(148, NOW() + interval '1184 millisecond', 36.1);
INSERT INTO float_archive(key, fix, value) VALUES(149, NOW() + interval '2086 millisecond', 37.42);
INSERT INTO float_archive(key, fix, value) VALUES(150, NOW() + interval '1350 millisecond', 97.68);
INSERT INTO float_archive(key, fix, value) VALUES(151, NOW() + interval '1359 millisecond', 58.69);
INSERT INTO float_archive(key, fix, value) VALUES(152, NOW() + interval '1368 millisecond', 41.51);
INSERT INTO float_archive(key, fix, value) VALUES(153, NOW() + interval '1836 millisecond', 13.83);
INSERT INTO float_archive(key, fix, value) VALUES(154, NOW() + interval '924 millisecond', 92.33);
INSERT INTO float_archive(key, fix, value) VALUES(155, NOW() + interval '1085 millisecond', 28.32);
INSERT INTO float_archive(key, fix, value) VALUES(156, NOW() + interval '1092 millisecond', 10.7);
INSERT INTO float_archive(key, fix, value) VALUES(157, NOW() + interval '1099 millisecond', 81.86);
INSERT INTO float_archive(key, fix, value) VALUES(158, NOW() + interval '1580 millisecond', 79.94);
INSERT INTO float_archive(key, fix, value) VALUES(159, NOW() + interval '2226 millisecond', 53.92);
INSERT INTO float_archive(key, fix, value) VALUES(160, NOW() + interval '480 millisecond', 28.78);
INSERT INTO float_archive(key, fix, value) VALUES(161, NOW() + interval '1610 millisecond', 18.67);
INSERT INTO float_archive(key, fix, value) VALUES(162, NOW() + interval '648 millisecond', 97.83);
INSERT INTO float_archive(key, fix, value) VALUES(163, NOW() + interval '489 millisecond', 5.36);
INSERT INTO float_archive(key, fix, value) VALUES(164, NOW() + interval '164 millisecond', 45.4);
INSERT INTO float_archive(key, fix, value) VALUES(165, NOW() + interval '825 millisecond', 21.87);
INSERT INTO float_archive(key, fix, value) VALUES(166, NOW() + interval '498 millisecond', 10.76);
INSERT INTO float_archive(key, fix, value) VALUES(167, NOW() + interval '501 millisecond', 80.77);
INSERT INTO float_archive(key, fix, value) VALUES(168, NOW() + interval '840 millisecond', 58.94);
INSERT INTO float_archive(key, fix, value) VALUES(169, NOW() + interval '2028 millisecond', 14.81);
INSERT INTO float_archive(key, fix, value) VALUES(170, NOW() + interval '850 millisecond', 6.73);
INSERT INTO float_archive(key, fix, value) VALUES(171, NOW() + interval '684 millisecond', 15.45);
INSERT INTO float_archive(key, fix, value) VALUES(172, NOW() + interval '1720 millisecond', 11.7);
INSERT INTO float_archive(key, fix, value) VALUES(173, NOW() + interval '1903 millisecond', 2.57);
INSERT INTO float_archive(key, fix, value) VALUES(174, NOW() + interval '348 millisecond', 95.94);
INSERT INTO float_archive(key, fix, value) VALUES(175, NOW() + interval '875 millisecond', 72.48);
INSERT INTO float_archive(key, fix, value) VALUES(176, NOW() + interval '1056 millisecond', 44.8);
INSERT INTO float_archive(key, fix, value) VALUES(177, NOW() + interval '708 millisecond', 33.89);
INSERT INTO float_archive(key, fix, value) VALUES(178, NOW() + interval '1068 millisecond', 43.47);
INSERT INTO float_archive(key, fix, value) VALUES(179, NOW() + interval '1074 millisecond', 58.25);
INSERT INTO float_archive(key, fix, value) VALUES(180, NOW() + interval '720 millisecond', 75.04);
INSERT INTO float_archive(key, fix, value) VALUES(181, NOW() + interval '543 millisecond', 94.25);
INSERT INTO float_archive(key, fix, value) VALUES(182, NOW() + interval '1638 millisecond', 20.21);
INSERT INTO float_archive(key, fix, value) VALUES(183, NOW() + interval '549 millisecond', 32.92);
INSERT INTO float_archive(key, fix, value) VALUES(184, NOW() + interval '2576 millisecond', 65.92);
INSERT INTO float_archive(key, fix, value) VALUES(185, NOW() + interval '1480 millisecond', 11.57);
INSERT INTO float_archive(key, fix, value) VALUES(186, NOW() + interval '2604 millisecond', 81.28);
INSERT INTO float_archive(key, fix, value) VALUES(187, NOW() + interval '748 millisecond', 9.29);
INSERT INTO float_archive(key, fix, value) VALUES(188, NOW() + interval '376 millisecond', 49.82);
INSERT INTO float_archive(key, fix, value) VALUES(189, NOW() + interval '1512 millisecond', 15.04);
INSERT INTO float_archive(key, fix, value) VALUES(190, NOW() + interval '760 millisecond', 15.99);
INSERT INTO float_archive(key, fix, value) VALUES(191, NOW() + interval '2674 millisecond', 6.21);
INSERT INTO float_archive(key, fix, value) VALUES(192, NOW() + interval '576 millisecond', 58.48);
INSERT INTO float_archive(key, fix, value) VALUES(193, NOW() + interval '2316 millisecond', 66.9);
INSERT INTO float_archive(key, fix, value) VALUES(194, NOW() + interval '2522 millisecond', 78.57);
INSERT INTO float_archive(key, fix, value) VALUES(195, NOW() + interval '1365 millisecond', 85.04);
INSERT INTO float_archive(key, fix, value) VALUES(196, NOW() + interval '980 millisecond', 28.16);
INSERT INTO float_archive(key, fix, value) VALUES(197, NOW() + interval '2561 millisecond', 55.68);
INSERT INTO float_archive(key, fix, value) VALUES(198, NOW() + interval '2772 millisecond', 29.39);
INSERT INTO float_archive(key, fix, value) VALUES(199, NOW() + interval '1592 millisecond', 46.52);
INSERT INTO float_archive(key, fix, value) VALUES(200, NOW() + interval '2800 millisecond', 46.26);
INSERT INTO float_archive(key, fix, value) VALUES(201, NOW() + interval '402 millisecond', 44.04);
INSERT INTO float_archive(key, fix, value) VALUES(202, NOW() + interval '1414 millisecond', 21.03);
INSERT INTO float_archive(key, fix, value) VALUES(203, NOW() + interval '2233 millisecond', 58.64);
INSERT INTO float_archive(key, fix, value) VALUES(204, NOW() + interval '816 millisecond', 15.76);
INSERT INTO float_archive(key, fix, value) VALUES(205, NOW() + interval '1025 millisecond', 84.36);
INSERT INTO float_archive(key, fix, value) VALUES(206, NOW() + interval '2678 millisecond', 20.55);
INSERT INTO float_archive(key, fix, value) VALUES(207, NOW() + interval '1242 millisecond', 10.61);
INSERT INTO float_archive(key, fix, value) VALUES(208, NOW() + interval '2496 millisecond', 7.25);
INSERT INTO float_archive(key, fix, value) VALUES(209, NOW() + interval '2508 millisecond', 4.67);
INSERT INTO float_archive(key, fix, value) VALUES(210, NOW() + interval '1260 millisecond', 49.62);
INSERT INTO float_archive(key, fix, value) VALUES(211, NOW() + interval '1477 millisecond', 19.56);
INSERT INTO float_archive(key, fix, value) VALUES(212, NOW() + interval '848 millisecond', 68.23);
INSERT INTO float_archive(key, fix, value) VALUES(213, NOW() + interval '2556 millisecond', 67.14);
INSERT INTO float_archive(key, fix, value) VALUES(214, NOW() + interval '2782 millisecond', 67.43);
INSERT INTO float_archive(key, fix, value) VALUES(215, NOW() + interval '645 millisecond', 75.64);
INSERT INTO float_archive(key, fix, value) VALUES(216, NOW() + interval '3024 millisecond', 7.2);
INSERT INTO float_archive(key, fix, value) VALUES(217, NOW() + interval '868 millisecond', 74.15);
INSERT INTO float_archive(key, fix, value) VALUES(218, NOW() + interval '654 millisecond', 51.26);
INSERT INTO float_archive(key, fix, value) VALUES(219, NOW() + interval '1971 millisecond', 93.53);
INSERT INTO float_archive(key, fix, value) VALUES(220, NOW() + interval '2640 millisecond', 23.22);
INSERT INTO float_archive(key, fix, value) VALUES(221, NOW() + interval '1547 millisecond', 71.71);
INSERT INTO float_archive(key, fix, value) VALUES(222, NOW() + interval '1776 millisecond', 62.13);
INSERT INTO float_archive(key, fix, value) VALUES(223, NOW() + interval '3122 millisecond', 6.44);
INSERT INTO float_archive(key, fix, value) VALUES(224, NOW() + interval '2912 millisecond', 79.37);
INSERT INTO float_archive(key, fix, value) VALUES(225, NOW() + interval '2475 millisecond', 87.8);
INSERT INTO float_archive(key, fix, value) VALUES(226, NOW() + interval '1808 millisecond', 49.4);
INSERT INTO float_archive(key, fix, value) VALUES(227, NOW() + interval '454 millisecond', 45.46);
INSERT INTO float_archive(key, fix, value) VALUES(228, NOW() + interval '228 millisecond', 84.78);
INSERT INTO float_archive(key, fix, value) VALUES(229, NOW() + interval '916 millisecond', 74.35);
INSERT INTO float_archive(key, fix, value) VALUES(230, NOW() + interval '1380 millisecond', 11.81);
INSERT INTO float_archive(key, fix, value) VALUES(231, NOW() + interval '2310 millisecond', 54.16);
INSERT INTO float_archive(key, fix, value) VALUES(232, NOW() + interval '232 millisecond', 53.12);
INSERT INTO float_archive(key, fix, value) VALUES(233, NOW() + interval '3029 millisecond', 84.32);
INSERT INTO float_archive(key, fix, value) VALUES(234, NOW() + interval '234 millisecond', 63.58);
INSERT INTO float_archive(key, fix, value) VALUES(235, NOW() + interval '3290 millisecond', 30.24);
INSERT INTO float_archive(key, fix, value) VALUES(236, NOW() + interval '1652 millisecond', 86.06);
INSERT INTO float_archive(key, fix, value) VALUES(237, NOW() + interval '948 millisecond', 16.9);
INSERT INTO float_archive(key, fix, value) VALUES(238, NOW() + interval '476 millisecond', 73.63);
INSERT INTO float_archive(key, fix, value) VALUES(239, NOW() + interval '2390 millisecond', 57.2);
INSERT INTO float_archive(key, fix, value) VALUES(240, NOW() + interval '2640 millisecond', 79.91);
INSERT INTO float_archive(key, fix, value) VALUES(241, NOW() + interval '2651 millisecond', 13.7);
INSERT INTO float_archive(key, fix, value) VALUES(242, NOW() + interval '3146 millisecond', 26.34);
INSERT INTO float_archive(key, fix, value) VALUES(243, NOW() + interval '1215 millisecond', 48.12);
INSERT INTO float_archive(key, fix, value) VALUES(244, NOW() + interval '3416 millisecond', 74.4);
INSERT INTO float_archive(key, fix, value) VALUES(245, NOW() + interval '2695 millisecond', 26.77);
INSERT INTO float_archive(key, fix, value) VALUES(246, NOW() + interval '1230 millisecond', 87.3);
INSERT INTO float_archive(key, fix, value) VALUES(247, NOW() + interval '2223 millisecond', 69.49);
INSERT INTO float_archive(key, fix, value) VALUES(248, NOW() + interval '2232 millisecond', 91.04);
INSERT INTO float_archive(key, fix, value) VALUES(249, NOW() + interval '2739 millisecond', 96.6);
INSERT INTO float_archive(key, fix, value) VALUES(250, NOW() + interval '2750 millisecond', 10.96);
INSERT INTO float_archive(key, fix, value) VALUES(251, NOW() + interval '502 millisecond', 26.75);
INSERT INTO float_archive(key, fix, value) VALUES(252, NOW() + interval '3024 millisecond', 45.7);
INSERT INTO float_archive(key, fix, value) VALUES(253, NOW() + interval '1771 millisecond', 61.77);
INSERT INTO float_archive(key, fix, value) VALUES(254, NOW() + interval '1270 millisecond', 91.27);
INSERT INTO integer_actual(key, fix, value) VALUES(1, NOW() + interval '7 millisecond', 27.19);
INSERT INTO integer_actual(key, fix, value) VALUES(2, NOW() + interval '6 millisecond', 67.4);
INSERT INTO integer_actual(key, fix, value) VALUES(3, NOW() + interval '3 millisecond', 54.67);
INSERT INTO integer_actual(key, fix, value) VALUES(4, NOW() + interval '24 millisecond', 53.63);
INSERT INTO integer_actual(key, fix, value) VALUES(5, NOW() + interval '45 millisecond', 75.18);
INSERT INTO integer_actual(key, fix, value) VALUES(6, NOW() + interval '30 millisecond', 40.49);
INSERT INTO integer_actual(key, fix, value) VALUES(7, NOW() + interval '91 millisecond', 26.19);
INSERT INTO integer_actual(key, fix, value) VALUES(8, NOW() + interval '104 millisecond', 72.2);
INSERT INTO integer_actual(key, fix, value) VALUES(9, NOW() + interval '18 millisecond', 56.32);
INSERT INTO integer_actual(key, fix, value) VALUES(10, NOW() + interval '50 millisecond', 53.78);
INSERT INTO integer_actual(key, fix, value) VALUES(11, NOW() + interval '99 millisecond', 13.27);
INSERT INTO integer_actual(key, fix, value) VALUES(12, NOW() + interval '24 millisecond', 71.27);
INSERT INTO integer_actual(key, fix, value) VALUES(13, NOW() + interval '156 millisecond', 63.75);
INSERT INTO integer_actual(key, fix, value) VALUES(14, NOW() + interval '154 millisecond', 51.84);
INSERT INTO integer_actual(key, fix, value) VALUES(15, NOW() + interval '75 millisecond', 47.56);
INSERT INTO integer_actual(key, fix, value) VALUES(16, NOW() + interval '192 millisecond', 65.93);
INSERT INTO integer_actual(key, fix, value) VALUES(17, NOW() + interval '68 millisecond', 7.65);
INSERT INTO integer_actual(key, fix, value) VALUES(18, NOW() + interval '108 millisecond', 47.92);
INSERT INTO integer_actual(key, fix, value) VALUES(19, NOW() + interval '38 millisecond', 59.17);
INSERT INTO integer_actual(key, fix, value) VALUES(20, NOW() + interval '260 millisecond', 6.06);
INSERT INTO integer_actual(key, fix, value) VALUES(21, NOW() + interval '126 millisecond', 4.03);
INSERT INTO integer_actual(key, fix, value) VALUES(22, NOW() + interval '110 millisecond', 94.92);
INSERT INTO integer_actual(key, fix, value) VALUES(23, NOW() + interval '253 millisecond', 34.8);
INSERT INTO integer_actual(key, fix, value) VALUES(24, NOW() + interval '96 millisecond', 79.56);
INSERT INTO integer_actual(key, fix, value) VALUES(25, NOW() + interval '150 millisecond', 9.98);
INSERT INTO integer_actual(key, fix, value) VALUES(26, NOW() + interval '182 millisecond', 87.76);
INSERT INTO integer_actual(key, fix, value) VALUES(27, NOW() + interval '162 millisecond', 72.24);
INSERT INTO integer_actual(key, fix, value) VALUES(28, NOW() + interval '140 millisecond', 29.66);
INSERT INTO integer_actual(key, fix, value) VALUES(29, NOW() + interval '116 millisecond', 45.55);
INSERT INTO integer_actual(key, fix, value) VALUES(30, NOW() + interval '360 millisecond', 37.66);
INSERT INTO integer_actual(key, fix, value) VALUES(31, NOW() + interval '372 millisecond', 81.28);
INSERT INTO integer_actual(key, fix, value) VALUES(32, NOW() + interval '128 millisecond', 15.11);
INSERT INTO integer_actual(key, fix, value) VALUES(33, NOW() + interval '462 millisecond', 59.38);
INSERT INTO integer_actual(key, fix, value) VALUES(34, NOW() + interval '136 millisecond', 79.53);
INSERT INTO integer_actual(key, fix, value) VALUES(35, NOW() + interval '455 millisecond', 42.33);
INSERT INTO integer_actual(key, fix, value) VALUES(36, NOW() + interval '324 millisecond', 44.41);
INSERT INTO integer_actual(key, fix, value) VALUES(37, NOW() + interval '370 millisecond', 22.92);
INSERT INTO integer_actual(key, fix, value) VALUES(38, NOW() + interval '114 millisecond', 56.99);
INSERT INTO integer_actual(key, fix, value) VALUES(39, NOW() + interval '468 millisecond', 8.52);
INSERT INTO integer_actual(key, fix, value) VALUES(40, NOW() + interval '560 millisecond', 48.88);
INSERT INTO integer_actual(key, fix, value) VALUES(41, NOW() + interval '246 millisecond', 94.49);
INSERT INTO integer_actual(key, fix, value) VALUES(42, NOW() + interval '126 millisecond', 23.33);
INSERT INTO integer_actual(key, fix, value) VALUES(43, NOW() + interval '86 millisecond', 92.54);
INSERT INTO integer_actual(key, fix, value) VALUES(44, NOW() + interval '220 millisecond', 49.75);
INSERT INTO integer_actual(key, fix, value) VALUES(45, NOW() + interval '495 millisecond', 5.46);
INSERT INTO integer_actual(key, fix, value) VALUES(46, NOW() + interval '184 millisecond', 64.3);
INSERT INTO integer_actual(key, fix, value) VALUES(47, NOW() + interval '517 millisecond', 50);
INSERT INTO integer_actual(key, fix, value) VALUES(48, NOW() + interval '240 millisecond', 54.99);
INSERT INTO integer_actual(key, fix, value) VALUES(49, NOW() + interval '588 millisecond', 16.91);
INSERT INTO integer_actual(key, fix, value) VALUES(50, NOW() + interval '50 millisecond', 13.69);
INSERT INTO integer_actual(key, fix, value) VALUES(51, NOW() + interval '153 millisecond', 44.16);
INSERT INTO integer_actual(key, fix, value) VALUES(52, NOW() + interval '676 millisecond', 94.07);
INSERT INTO integer_actual(key, fix, value) VALUES(53, NOW() + interval '371 millisecond', 97.61);
INSERT INTO integer_actual(key, fix, value) VALUES(54, NOW() + interval '216 millisecond', 13.53);
INSERT INTO integer_actual(key, fix, value) VALUES(55, NOW() + interval '440 millisecond', 75.04);
INSERT INTO integer_actual(key, fix, value) VALUES(56, NOW() + interval '392 millisecond', 17);
INSERT INTO integer_actual(key, fix, value) VALUES(57, NOW() + interval '399 millisecond', 36.6);
INSERT INTO integer_actual(key, fix, value) VALUES(58, NOW() + interval '812 millisecond', 84.16);
INSERT INTO integer_actual(key, fix, value) VALUES(59, NOW() + interval '590 millisecond', 98.77);
INSERT INTO integer_actual(key, fix, value) VALUES(60, NOW() + interval '120 millisecond', 2.24);
INSERT INTO integer_actual(key, fix, value) VALUES(61, NOW() + interval '305 millisecond', 68.65);
INSERT INTO integer_actual(key, fix, value) VALUES(62, NOW() + interval '124 millisecond', 87.38);
INSERT INTO integer_actual(key, fix, value) VALUES(63, NOW() + interval '252 millisecond', 97.95);
INSERT INTO integer_actual(key, fix, value) VALUES(64, NOW() + interval '640 millisecond', 20.42);
INSERT INTO integer_actual(key, fix, value) VALUES(65, NOW() + interval '910 millisecond', 62.42);
INSERT INTO integer_actual(key, fix, value) VALUES(66, NOW() + interval '726 millisecond', 66.11);
INSERT INTO integer_actual(key, fix, value) VALUES(67, NOW() + interval '134 millisecond', 86.29);
INSERT INTO integer_actual(key, fix, value) VALUES(68, NOW() + interval '340 millisecond', 95.8);
INSERT INTO integer_actual(key, fix, value) VALUES(69, NOW() + interval '138 millisecond', 21.27);
INSERT INTO integer_actual(key, fix, value) VALUES(70, NOW() + interval '770 millisecond', 7.83);
INSERT INTO integer_actual(key, fix, value) VALUES(71, NOW() + interval '781 millisecond', 19.61);
INSERT INTO integer_actual(key, fix, value) VALUES(72, NOW() + interval '1008 millisecond', 98.6);
INSERT INTO integer_actual(key, fix, value) VALUES(73, NOW() + interval '657 millisecond', 9.03);
INSERT INTO integer_actual(key, fix, value) VALUES(74, NOW() + interval '296 millisecond', 38.85);
INSERT INTO integer_actual(key, fix, value) VALUES(75, NOW() + interval '600 millisecond', 41.28);
INSERT INTO integer_actual(key, fix, value) VALUES(76, NOW() + interval '988 millisecond', 81.18);
INSERT INTO integer_actual(key, fix, value) VALUES(77, NOW() + interval '154 millisecond', 1.54);
INSERT INTO integer_actual(key, fix, value) VALUES(78, NOW() + interval '936 millisecond', 47.66);
INSERT INTO integer_actual(key, fix, value) VALUES(79, NOW() + interval '474 millisecond', 99.24);
INSERT INTO integer_actual(key, fix, value) VALUES(80, NOW() + interval '880 millisecond', 47.81);
INSERT INTO integer_actual(key, fix, value) VALUES(81, NOW() + interval '405 millisecond', 98.68);
INSERT INTO integer_actual(key, fix, value) VALUES(82, NOW() + interval '246 millisecond', 92.32);
INSERT INTO integer_actual(key, fix, value) VALUES(83, NOW() + interval '1162 millisecond', 80.42);
INSERT INTO integer_actual(key, fix, value) VALUES(84, NOW() + interval '252 millisecond', 59.19);
INSERT INTO integer_actual(key, fix, value) VALUES(85, NOW() + interval '170 millisecond', 1.79);
INSERT INTO integer_actual(key, fix, value) VALUES(86, NOW() + interval '946 millisecond', 46.43);
INSERT INTO integer_actual(key, fix, value) VALUES(87, NOW() + interval '348 millisecond', 3.61);
INSERT INTO integer_actual(key, fix, value) VALUES(88, NOW() + interval '440 millisecond', 10.28);
INSERT INTO integer_actual(key, fix, value) VALUES(89, NOW() + interval '979 millisecond', 7.19);
INSERT INTO integer_actual(key, fix, value) VALUES(90, NOW() + interval '450 millisecond', 10.9);
INSERT INTO integer_actual(key, fix, value) VALUES(91, NOW() + interval '1092 millisecond', 31.88);
INSERT INTO integer_actual(key, fix, value) VALUES(92, NOW() + interval '920 millisecond', 56.1);
INSERT INTO integer_actual(key, fix, value) VALUES(93, NOW() + interval '1023 millisecond', 93.88);
INSERT INTO integer_actual(key, fix, value) VALUES(94, NOW() + interval '846 millisecond', 6.84);
INSERT INTO integer_actual(key, fix, value) VALUES(95, NOW() + interval '95 millisecond', 84.82);
INSERT INTO integer_actual(key, fix, value) VALUES(96, NOW() + interval '864 millisecond', 8.53);
INSERT INTO integer_actual(key, fix, value) VALUES(97, NOW() + interval '679 millisecond', 29.66);
INSERT INTO integer_actual(key, fix, value) VALUES(98, NOW() + interval '1078 millisecond', 74.65);
INSERT INTO integer_actual(key, fix, value) VALUES(99, NOW() + interval '198 millisecond', 2.6);
INSERT INTO integer_actual(key, fix, value) VALUES(100, NOW() + interval '1400 millisecond', 76.53);
INSERT INTO integer_actual(key, fix, value) VALUES(101, NOW() + interval '1414 millisecond', 59.54);
INSERT INTO integer_actual(key, fix, value) VALUES(102, NOW() + interval '612 millisecond', 52.38);
INSERT INTO integer_actual(key, fix, value) VALUES(103, NOW() + interval '1030 millisecond', 42.63);
INSERT INTO integer_actual(key, fix, value) VALUES(104, NOW() + interval '936 millisecond', 5.51);
INSERT INTO integer_actual(key, fix, value) VALUES(105, NOW() + interval '1155 millisecond', 75.29);
INSERT INTO integer_actual(key, fix, value) VALUES(106, NOW() + interval '1166 millisecond', 32.95);
INSERT INTO integer_actual(key, fix, value) VALUES(107, NOW() + interval '1070 millisecond', 66.89);
INSERT INTO integer_actual(key, fix, value) VALUES(108, NOW() + interval '1080 millisecond', 96.78);
INSERT INTO integer_actual(key, fix, value) VALUES(109, NOW() + interval '545 millisecond', 59.95);
INSERT INTO integer_actual(key, fix, value) VALUES(110, NOW() + interval '440 millisecond', 6);
INSERT INTO integer_actual(key, fix, value) VALUES(111, NOW() + interval '444 millisecond', 5.42);
INSERT INTO integer_actual(key, fix, value) VALUES(112, NOW() + interval '1008 millisecond', 19.21);
INSERT INTO integer_actual(key, fix, value) VALUES(113, NOW() + interval '791 millisecond', 69.63);
INSERT INTO integer_actual(key, fix, value) VALUES(114, NOW() + interval '228 millisecond', 93.41);
INSERT INTO integer_actual(key, fix, value) VALUES(115, NOW() + interval '460 millisecond', 52.29);
INSERT INTO integer_actual(key, fix, value) VALUES(116, NOW() + interval '232 millisecond', 72.9);
INSERT INTO integer_actual(key, fix, value) VALUES(117, NOW() + interval '234 millisecond', 53.81);
INSERT INTO integer_actual(key, fix, value) VALUES(118, NOW() + interval '354 millisecond', 21.45);
INSERT INTO integer_actual(key, fix, value) VALUES(119, NOW() + interval '1666 millisecond', 15.65);
INSERT INTO integer_actual(key, fix, value) VALUES(120, NOW() + interval '1560 millisecond', 32.5);
INSERT INTO integer_actual(key, fix, value) VALUES(121, NOW() + interval '726 millisecond', 55.13);
INSERT INTO integer_actual(key, fix, value) VALUES(122, NOW() + interval '610 millisecond', 27.19);
INSERT INTO integer_actual(key, fix, value) VALUES(123, NOW() + interval '369 millisecond', 26.35);
INSERT INTO integer_actual(key, fix, value) VALUES(124, NOW() + interval '744 millisecond', 76.5);
INSERT INTO integer_actual(key, fix, value) VALUES(125, NOW() + interval '1125 millisecond', 80.42);
INSERT INTO integer_actual(key, fix, value) VALUES(126, NOW() + interval '882 millisecond', 43.51);
INSERT INTO integer_actual(key, fix, value) VALUES(127, NOW() + interval '1524 millisecond', 94.48);
INSERT INTO integer_actual(key, fix, value) VALUES(128, NOW() + interval '1024 millisecond', 93.12);
INSERT INTO integer_actual(key, fix, value) VALUES(129, NOW() + interval '258 millisecond', 17.38);
INSERT INTO integer_actual(key, fix, value) VALUES(130, NOW() + interval '260 millisecond', 93.38);
INSERT INTO integer_actual(key, fix, value) VALUES(131, NOW() + interval '786 millisecond', 64.6);
INSERT INTO integer_actual(key, fix, value) VALUES(132, NOW() + interval '1584 millisecond', 22.2);
INSERT INTO integer_actual(key, fix, value) VALUES(133, NOW() + interval '1330 millisecond', 99.15);
INSERT INTO integer_actual(key, fix, value) VALUES(134, NOW() + interval '670 millisecond', 16.87);
INSERT INTO integer_actual(key, fix, value) VALUES(135, NOW() + interval '1080 millisecond', 47.14);
INSERT INTO integer_actual(key, fix, value) VALUES(136, NOW() + interval '136 millisecond', 18.65);
INSERT INTO integer_actual(key, fix, value) VALUES(137, NOW() + interval '1370 millisecond', 86.46);
INSERT INTO integer_actual(key, fix, value) VALUES(138, NOW() + interval '1380 millisecond', 66.42);
INSERT INTO integer_actual(key, fix, value) VALUES(139, NOW() + interval '1529 millisecond', 31.28);
INSERT INTO integer_actual(key, fix, value) VALUES(140, NOW() + interval '280 millisecond', 17.91);
INSERT INTO integer_actual(key, fix, value) VALUES(141, NOW() + interval '705 millisecond', 26.45);
INSERT INTO integer_actual(key, fix, value) VALUES(142, NOW() + interval '710 millisecond', 44.02);
INSERT INTO integer_actual(key, fix, value) VALUES(143, NOW() + interval '286 millisecond', 63.21);
INSERT INTO integer_actual(key, fix, value) VALUES(144, NOW() + interval '1872 millisecond', 12.12);
INSERT INTO integer_actual(key, fix, value) VALUES(145, NOW() + interval '2030 millisecond', 19.14);
INSERT INTO integer_actual(key, fix, value) VALUES(146, NOW() + interval '584 millisecond', 79.67);
INSERT INTO integer_actual(key, fix, value) VALUES(147, NOW() + interval '294 millisecond', 97.73);
INSERT INTO integer_actual(key, fix, value) VALUES(148, NOW() + interval '1924 millisecond', 71.18);
INSERT INTO integer_actual(key, fix, value) VALUES(149, NOW() + interval '1639 millisecond', 11.92);
INSERT INTO integer_actual(key, fix, value) VALUES(150, NOW() + interval '1350 millisecond', 13.52);
INSERT INTO integer_actual(key, fix, value) VALUES(151, NOW() + interval '2114 millisecond', 22.76);
INSERT INTO integer_actual(key, fix, value) VALUES(152, NOW() + interval '608 millisecond', 15.7);
INSERT INTO integer_actual(key, fix, value) VALUES(153, NOW() + interval '1836 millisecond', 25.34);
INSERT INTO integer_actual(key, fix, value) VALUES(154, NOW() + interval '1694 millisecond', 95.2);
INSERT INTO integer_actual(key, fix, value) VALUES(155, NOW() + interval '775 millisecond', 88.45);
INSERT INTO integer_actual(key, fix, value) VALUES(156, NOW() + interval '624 millisecond', 71.56);
INSERT INTO integer_actual(key, fix, value) VALUES(157, NOW() + interval '471 millisecond', 91.98);
INSERT INTO integer_actual(key, fix, value) VALUES(158, NOW() + interval '1422 millisecond', 15);
INSERT INTO integer_actual(key, fix, value) VALUES(159, NOW() + interval '795 millisecond', 36.95);
INSERT INTO integer_actual(key, fix, value) VALUES(160, NOW() + interval '480 millisecond', 7.13);
INSERT INTO integer_actual(key, fix, value) VALUES(161, NOW() + interval '322 millisecond', 16);
INSERT INTO integer_actual(key, fix, value) VALUES(162, NOW() + interval '648 millisecond', 37.27);
INSERT INTO integer_actual(key, fix, value) VALUES(163, NOW() + interval '815 millisecond', 21.83);
INSERT INTO integer_actual(key, fix, value) VALUES(164, NOW() + interval '492 millisecond', 69.13);
INSERT INTO integer_actual(key, fix, value) VALUES(165, NOW() + interval '2310 millisecond', 97.08);
INSERT INTO integer_actual(key, fix, value) VALUES(166, NOW() + interval '2158 millisecond', 61.15);
INSERT INTO integer_actual(key, fix, value) VALUES(167, NOW() + interval '1837 millisecond', 92.92);
INSERT INTO integer_actual(key, fix, value) VALUES(168, NOW() + interval '672 millisecond', 10.89);
INSERT INTO integer_actual(key, fix, value) VALUES(169, NOW() + interval '338 millisecond', 18.5);
INSERT INTO integer_actual(key, fix, value) VALUES(170, NOW() + interval '1700 millisecond', 84.73);
INSERT INTO integer_actual(key, fix, value) VALUES(171, NOW() + interval '2223 millisecond', 94.06);
INSERT INTO integer_actual(key, fix, value) VALUES(172, NOW() + interval '2064 millisecond', 10.38);
INSERT INTO integer_actual(key, fix, value) VALUES(173, NOW() + interval '2422 millisecond', 46.95);
INSERT INTO integer_actual(key, fix, value) VALUES(174, NOW() + interval '1740 millisecond', 13.68);
INSERT INTO integer_actual(key, fix, value) VALUES(175, NOW() + interval '1050 millisecond', 77.82);
INSERT INTO integer_actual(key, fix, value) VALUES(176, NOW() + interval '1056 millisecond', 38.98);
INSERT INTO integer_actual(key, fix, value) VALUES(177, NOW() + interval '2478 millisecond', 51.49);
INSERT INTO integer_actual(key, fix, value) VALUES(178, NOW() + interval '356 millisecond', 84);
INSERT INTO integer_actual(key, fix, value) VALUES(179, NOW() + interval '358 millisecond', 84.6);
INSERT INTO integer_actual(key, fix, value) VALUES(180, NOW() + interval '2340 millisecond', 58.86);
INSERT INTO integer_actual(key, fix, value) VALUES(181, NOW() + interval '543 millisecond', 7.42);
INSERT INTO integer_actual(key, fix, value) VALUES(182, NOW() + interval '182 millisecond', 29.05);
INSERT INTO integer_actual(key, fix, value) VALUES(183, NOW() + interval '2562 millisecond', 60.67);
INSERT INTO integer_actual(key, fix, value) VALUES(184, NOW() + interval '2576 millisecond', 17.92);
INSERT INTO integer_actual(key, fix, value) VALUES(185, NOW() + interval '2035 millisecond', 52.49);
INSERT INTO integer_actual(key, fix, value) VALUES(186, NOW() + interval '558 millisecond', 15.53);
INSERT INTO integer_actual(key, fix, value) VALUES(187, NOW() + interval '2057 millisecond', 27.29);
INSERT INTO integer_actual(key, fix, value) VALUES(188, NOW() + interval '752 millisecond', 15.73);
INSERT INTO integer_actual(key, fix, value) VALUES(189, NOW() + interval '945 millisecond', 9.42);
INSERT INTO integer_actual(key, fix, value) VALUES(190, NOW() + interval '1140 millisecond', 81.58);
INSERT INTO integer_actual(key, fix, value) VALUES(191, NOW() + interval '1528 millisecond', 99.21);
INSERT INTO integer_actual(key, fix, value) VALUES(192, NOW() + interval '1152 millisecond', 17.59);
INSERT INTO integer_actual(key, fix, value) VALUES(193, NOW() + interval '1737 millisecond', 53.28);
INSERT INTO integer_actual(key, fix, value) VALUES(194, NOW() + interval '1746 millisecond', 22.93);
INSERT INTO integer_actual(key, fix, value) VALUES(195, NOW() + interval '2535 millisecond', 33.8);
INSERT INTO integer_actual(key, fix, value) VALUES(196, NOW() + interval '392 millisecond', 19.89);
INSERT INTO integer_actual(key, fix, value) VALUES(197, NOW() + interval '985 millisecond', 6.25);
INSERT INTO integer_actual(key, fix, value) VALUES(198, NOW() + interval '2178 millisecond', 81.01);
INSERT INTO integer_actual(key, fix, value) VALUES(199, NOW() + interval '2786 millisecond', 56.84);
INSERT INTO integer_actual(key, fix, value) VALUES(200, NOW() + interval '600 millisecond', 36.54);
INSERT INTO integer_actual(key, fix, value) VALUES(201, NOW() + interval '1608 millisecond', 52.68);
INSERT INTO integer_actual(key, fix, value) VALUES(202, NOW() + interval '1212 millisecond', 83.63);
INSERT INTO integer_actual(key, fix, value) VALUES(203, NOW() + interval '2030 millisecond', 25.25);
INSERT INTO integer_actual(key, fix, value) VALUES(204, NOW() + interval '2040 millisecond', 72.51);
INSERT INTO integer_actual(key, fix, value) VALUES(205, NOW() + interval '1230 millisecond', 87.9);
INSERT INTO integer_actual(key, fix, value) VALUES(206, NOW() + interval '1648 millisecond', 95.31);
INSERT INTO integer_actual(key, fix, value) VALUES(207, NOW() + interval '1449 millisecond', 5.5);
INSERT INTO integer_actual(key, fix, value) VALUES(208, NOW() + interval '416 millisecond', 13.14);
INSERT INTO integer_actual(key, fix, value) VALUES(209, NOW() + interval '2299 millisecond', 83.97);
INSERT INTO integer_actual(key, fix, value) VALUES(210, NOW() + interval '2100 millisecond', 44.69);
INSERT INTO integer_actual(key, fix, value) VALUES(211, NOW() + interval '2954 millisecond', 75.97);
INSERT INTO integer_actual(key, fix, value) VALUES(212, NOW() + interval '1060 millisecond', 42.15);
INSERT INTO integer_actual(key, fix, value) VALUES(213, NOW() + interval '1491 millisecond', 90.51);
INSERT INTO integer_actual(key, fix, value) VALUES(214, NOW() + interval '2568 millisecond', 67.38);
INSERT INTO integer_actual(key, fix, value) VALUES(215, NOW() + interval '1720 millisecond', 37.58);
INSERT INTO integer_actual(key, fix, value) VALUES(216, NOW() + interval '864 millisecond', 73.18);
INSERT INTO integer_actual(key, fix, value) VALUES(217, NOW() + interval '3038 millisecond', 5.28);
INSERT INTO integer_actual(key, fix, value) VALUES(218, NOW() + interval '1308 millisecond', 98.45);
INSERT INTO integer_actual(key, fix, value) VALUES(219, NOW() + interval '1971 millisecond', 49.27);
INSERT INTO integer_actual(key, fix, value) VALUES(220, NOW() + interval '1760 millisecond', 34.68);
INSERT INTO integer_actual(key, fix, value) VALUES(221, NOW() + interval '2873 millisecond', 88.74);
INSERT INTO integer_actual(key, fix, value) VALUES(222, NOW() + interval '2886 millisecond', 3.16);
INSERT INTO integer_actual(key, fix, value) VALUES(223, NOW() + interval '2676 millisecond', 10.75);
INSERT INTO integer_actual(key, fix, value) VALUES(224, NOW() + interval '2464 millisecond', 27.7);
INSERT INTO integer_actual(key, fix, value) VALUES(225, NOW() + interval '3150 millisecond', 61.01);
INSERT INTO integer_actual(key, fix, value) VALUES(226, NOW() + interval '452 millisecond', 10.29);
INSERT INTO integer_actual(key, fix, value) VALUES(227, NOW() + interval '2951 millisecond', 67.63);
INSERT INTO integer_actual(key, fix, value) VALUES(228, NOW() + interval '1368 millisecond', 71.99);
INSERT INTO integer_actual(key, fix, value) VALUES(229, NOW() + interval '1145 millisecond', 95.48);
INSERT INTO integer_actual(key, fix, value) VALUES(230, NOW() + interval '1380 millisecond', 76.81);
INSERT INTO integer_actual(key, fix, value) VALUES(231, NOW() + interval '1617 millisecond', 97.88);
INSERT INTO integer_actual(key, fix, value) VALUES(232, NOW() + interval '928 millisecond', 95.21);
INSERT INTO integer_actual(key, fix, value) VALUES(233, NOW() + interval '2330 millisecond', 80.72);
INSERT INTO integer_actual(key, fix, value) VALUES(234, NOW() + interval '3276 millisecond', 41.14);
INSERT INTO integer_actual(key, fix, value) VALUES(235, NOW() + interval '2585 millisecond', 9.18);
INSERT INTO integer_actual(key, fix, value) VALUES(236, NOW() + interval '1888 millisecond', 25.14);
INSERT INTO integer_actual(key, fix, value) VALUES(237, NOW() + interval '1422 millisecond', 36.2);
INSERT INTO integer_actual(key, fix, value) VALUES(238, NOW() + interval '2142 millisecond', 10.59);
INSERT INTO integer_actual(key, fix, value) VALUES(239, NOW() + interval '3107 millisecond', 25.47);
INSERT INTO integer_actual(key, fix, value) VALUES(240, NOW() + interval '2160 millisecond', 37.46);
INSERT INTO integer_actual(key, fix, value) VALUES(241, NOW() + interval '723 millisecond', 56.4);
INSERT INTO integer_actual(key, fix, value) VALUES(242, NOW() + interval '2420 millisecond', 92.03);
INSERT INTO integer_actual(key, fix, value) VALUES(243, NOW() + interval '1215 millisecond', 12.94);
INSERT INTO integer_actual(key, fix, value) VALUES(244, NOW() + interval '3172 millisecond', 29.37);
INSERT INTO integer_actual(key, fix, value) VALUES(245, NOW() + interval '2450 millisecond', 61.53);
INSERT INTO integer_actual(key, fix, value) VALUES(246, NOW() + interval '2706 millisecond', 66);
INSERT INTO integer_actual(key, fix, value) VALUES(247, NOW() + interval '741 millisecond', 71.49);
INSERT INTO integer_actual(key, fix, value) VALUES(248, NOW() + interval '3224 millisecond', 88.17);
INSERT INTO integer_actual(key, fix, value) VALUES(249, NOW() + interval '2490 millisecond', 92.95);
INSERT INTO integer_actual(key, fix, value) VALUES(250, NOW() + interval '1500 millisecond', 97.22);
INSERT INTO integer_actual(key, fix, value) VALUES(251, NOW() + interval '753 millisecond', 34.1);
INSERT INTO integer_actual(key, fix, value) VALUES(252, NOW() + interval '2268 millisecond', 89.34);
INSERT INTO integer_actual(key, fix, value) VALUES(253, NOW() + interval '759 millisecond', 83.24);
INSERT INTO integer_actual(key, fix, value) VALUES(254, NOW() + interval '2794 millisecond', 51.52);
INSERT INTO integer_archive(key, fix, value) VALUES(1, NOW() + interval '3 millisecond', 28.4);
INSERT INTO integer_archive(key, fix, value) VALUES(2, NOW() + interval '24 millisecond', 2.23);
INSERT INTO integer_archive(key, fix, value) VALUES(3, NOW() + interval '18 millisecond', 1.61);
INSERT INTO integer_archive(key, fix, value) VALUES(4, NOW() + interval '36 millisecond', 84.65);
INSERT INTO integer_archive(key, fix, value) VALUES(5, NOW() + interval '25 millisecond', 27.34);
INSERT INTO integer_archive(key, fix, value) VALUES(6, NOW() + interval '60 millisecond', 55.38);
INSERT INTO integer_archive(key, fix, value) VALUES(7, NOW() + interval '98 millisecond', 70.71);
INSERT INTO integer_archive(key, fix, value) VALUES(8, NOW() + interval '88 millisecond', 10.34);
INSERT INTO integer_archive(key, fix, value) VALUES(9, NOW() + interval '54 millisecond', 83.69);
INSERT INTO integer_archive(key, fix, value) VALUES(10, NOW() + interval '30 millisecond', 64.09);
INSERT INTO integer_archive(key, fix, value) VALUES(11, NOW() + interval '77 millisecond', 68.5);
INSERT INTO integer_archive(key, fix, value) VALUES(12, NOW() + interval '72 millisecond', 92.87);
INSERT INTO integer_archive(key, fix, value) VALUES(13, NOW() + interval '169 millisecond', 65.03);
INSERT INTO integer_archive(key, fix, value) VALUES(14, NOW() + interval '70 millisecond', 82.93);
INSERT INTO integer_archive(key, fix, value) VALUES(15, NOW() + interval '15 millisecond', 79.41);
INSERT INTO integer_archive(key, fix, value) VALUES(16, NOW() + interval '192 millisecond', 45.87);
INSERT INTO integer_archive(key, fix, value) VALUES(17, NOW() + interval '102 millisecond', 35.71);
INSERT INTO integer_archive(key, fix, value) VALUES(18, NOW() + interval '72 millisecond', 39.66);
INSERT INTO integer_archive(key, fix, value) VALUES(19, NOW() + interval '209 millisecond', 72.17);
INSERT INTO integer_archive(key, fix, value) VALUES(20, NOW() + interval '120 millisecond', 12.24);
INSERT INTO integer_archive(key, fix, value) VALUES(21, NOW() + interval '63 millisecond', 8.88);
INSERT INTO integer_archive(key, fix, value) VALUES(22, NOW() + interval '198 millisecond', 43.8);
INSERT INTO integer_archive(key, fix, value) VALUES(23, NOW() + interval '115 millisecond', 79.36);
INSERT INTO integer_archive(key, fix, value) VALUES(24, NOW() + interval '48 millisecond', 39.86);
INSERT INTO integer_archive(key, fix, value) VALUES(25, NOW() + interval '225 millisecond', 47.26);
INSERT INTO integer_archive(key, fix, value) VALUES(26, NOW() + interval '208 millisecond', 27.52);
INSERT INTO integer_archive(key, fix, value) VALUES(27, NOW() + interval '297 millisecond', 10.52);
INSERT INTO integer_archive(key, fix, value) VALUES(28, NOW() + interval '56 millisecond', 42.36);
INSERT INTO integer_archive(key, fix, value) VALUES(29, NOW() + interval '377 millisecond', 91.32);
INSERT INTO integer_archive(key, fix, value) VALUES(30, NOW() + interval '90 millisecond', 68.1);
INSERT INTO integer_archive(key, fix, value) VALUES(31, NOW() + interval '341 millisecond', 76.74);
INSERT INTO integer_archive(key, fix, value) VALUES(32, NOW() + interval '384 millisecond', 49.61);
INSERT INTO integer_archive(key, fix, value) VALUES(33, NOW() + interval '231 millisecond', 22);
INSERT INTO integer_archive(key, fix, value) VALUES(34, NOW() + interval '102 millisecond', 59.55);
INSERT INTO integer_archive(key, fix, value) VALUES(35, NOW() + interval '280 millisecond', 35.19);
INSERT INTO integer_archive(key, fix, value) VALUES(36, NOW() + interval '216 millisecond', 62.51);
INSERT INTO integer_archive(key, fix, value) VALUES(37, NOW() + interval '296 millisecond', 2.69);
INSERT INTO integer_archive(key, fix, value) VALUES(38, NOW() + interval '304 millisecond', 35.56);
INSERT INTO integer_archive(key, fix, value) VALUES(39, NOW() + interval '78 millisecond', 95.55);
INSERT INTO integer_archive(key, fix, value) VALUES(40, NOW() + interval '400 millisecond', 11.26);
INSERT INTO integer_archive(key, fix, value) VALUES(41, NOW() + interval '369 millisecond', 86.94);
INSERT INTO integer_archive(key, fix, value) VALUES(42, NOW() + interval '168 millisecond', 53.31);
INSERT INTO integer_archive(key, fix, value) VALUES(43, NOW() + interval '172 millisecond', 55.07);
INSERT INTO integer_archive(key, fix, value) VALUES(44, NOW() + interval '484 millisecond', 29.57);
INSERT INTO integer_archive(key, fix, value) VALUES(45, NOW() + interval '225 millisecond', 76.04);
INSERT INTO integer_archive(key, fix, value) VALUES(46, NOW() + interval '368 millisecond', 84.05);
INSERT INTO integer_archive(key, fix, value) VALUES(47, NOW() + interval '423 millisecond', 64.67);
INSERT INTO integer_archive(key, fix, value) VALUES(48, NOW() + interval '288 millisecond', 34.97);
INSERT INTO integer_archive(key, fix, value) VALUES(49, NOW() + interval '196 millisecond', 11.31);
INSERT INTO integer_archive(key, fix, value) VALUES(50, NOW() + interval '700 millisecond', 6.73);
INSERT INTO integer_archive(key, fix, value) VALUES(51, NOW() + interval '459 millisecond', 44.18);
INSERT INTO integer_archive(key, fix, value) VALUES(52, NOW() + interval '676 millisecond', 25.82);
INSERT INTO integer_archive(key, fix, value) VALUES(53, NOW() + interval '159 millisecond', 92.05);
INSERT INTO integer_archive(key, fix, value) VALUES(54, NOW() + interval '594 millisecond', 69.26);
INSERT INTO integer_archive(key, fix, value) VALUES(55, NOW() + interval '495 millisecond', 73.29);
INSERT INTO integer_archive(key, fix, value) VALUES(56, NOW() + interval '336 millisecond', 91.53);
INSERT INTO integer_archive(key, fix, value) VALUES(57, NOW() + interval '285 millisecond', 2.11);
INSERT INTO integer_archive(key, fix, value) VALUES(58, NOW() + interval '116 millisecond', 85.9);
INSERT INTO integer_archive(key, fix, value) VALUES(59, NOW() + interval '472 millisecond', 32.54);
INSERT INTO integer_archive(key, fix, value) VALUES(60, NOW() + interval '240 millisecond', 89.57);
INSERT INTO integer_archive(key, fix, value) VALUES(61, NOW() + interval '427 millisecond', 87.48);
INSERT INTO integer_archive(key, fix, value) VALUES(62, NOW() + interval '372 millisecond', 76.15);
INSERT INTO integer_archive(key, fix, value) VALUES(63, NOW() + interval '756 millisecond', 48.95);
INSERT INTO integer_archive(key, fix, value) VALUES(64, NOW() + interval '64 millisecond', 86.15);
INSERT INTO integer_archive(key, fix, value) VALUES(65, NOW() + interval '650 millisecond', 19.18);
INSERT INTO integer_archive(key, fix, value) VALUES(66, NOW() + interval '198 millisecond', 98.05);
INSERT INTO integer_archive(key, fix, value) VALUES(67, NOW() + interval '938 millisecond', 61.06);
INSERT INTO integer_archive(key, fix, value) VALUES(68, NOW() + interval '476 millisecond', 18.88);
INSERT INTO integer_archive(key, fix, value) VALUES(69, NOW() + interval '69 millisecond', 97.86);
INSERT INTO integer_archive(key, fix, value) VALUES(70, NOW() + interval '420 millisecond', 32.7);
INSERT INTO integer_archive(key, fix, value) VALUES(71, NOW() + interval '852 millisecond', 6.43);
INSERT INTO integer_archive(key, fix, value) VALUES(72, NOW() + interval '792 millisecond', 53.47);
INSERT INTO integer_archive(key, fix, value) VALUES(73, NOW() + interval '511 millisecond', 59.08);
INSERT INTO integer_archive(key, fix, value) VALUES(74, NOW() + interval '666 millisecond', 60.33);
INSERT INTO integer_archive(key, fix, value) VALUES(75, NOW() + interval '675 millisecond', 51.53);
INSERT INTO integer_archive(key, fix, value) VALUES(76, NOW() + interval '912 millisecond', 90.38);
INSERT INTO integer_archive(key, fix, value) VALUES(77, NOW() + interval '924 millisecond', 9.48);
INSERT INTO integer_archive(key, fix, value) VALUES(78, NOW() + interval '702 millisecond', 74.73);
INSERT INTO integer_archive(key, fix, value) VALUES(79, NOW() + interval '237 millisecond', 11.41);
INSERT INTO integer_archive(key, fix, value) VALUES(80, NOW() + interval '560 millisecond', 65.21);
INSERT INTO integer_archive(key, fix, value) VALUES(81, NOW() + interval '1053 millisecond', 88.58);
INSERT INTO integer_archive(key, fix, value) VALUES(82, NOW() + interval '164 millisecond', 38.97);
INSERT INTO integer_archive(key, fix, value) VALUES(83, NOW() + interval '747 millisecond', 34.86);
INSERT INTO integer_archive(key, fix, value) VALUES(84, NOW() + interval '1176 millisecond', 64.24);
INSERT INTO integer_archive(key, fix, value) VALUES(85, NOW() + interval '680 millisecond', 87.91);
INSERT INTO integer_archive(key, fix, value) VALUES(86, NOW() + interval '1032 millisecond', 55.09);
INSERT INTO integer_archive(key, fix, value) VALUES(87, NOW() + interval '1131 millisecond', 92.05);
INSERT INTO integer_archive(key, fix, value) VALUES(88, NOW() + interval '264 millisecond', 41.65);
INSERT INTO integer_archive(key, fix, value) VALUES(89, NOW() + interval '267 millisecond', 79.21);
INSERT INTO integer_archive(key, fix, value) VALUES(90, NOW() + interval '540 millisecond', 25.4);
INSERT INTO integer_archive(key, fix, value) VALUES(91, NOW() + interval '1183 millisecond', 41.51);
INSERT INTO integer_archive(key, fix, value) VALUES(92, NOW() + interval '460 millisecond', 13.62);
INSERT INTO integer_archive(key, fix, value) VALUES(93, NOW() + interval '558 millisecond', 22.15);
INSERT INTO integer_archive(key, fix, value) VALUES(94, NOW() + interval '282 millisecond', 88.78);
INSERT INTO integer_archive(key, fix, value) VALUES(95, NOW() + interval '95 millisecond', 72.35);
INSERT INTO integer_archive(key, fix, value) VALUES(96, NOW() + interval '192 millisecond', 89.73);
INSERT INTO integer_archive(key, fix, value) VALUES(97, NOW() + interval '873 millisecond', 73.84);
INSERT INTO integer_archive(key, fix, value) VALUES(98, NOW() + interval '686 millisecond', 89.8);
INSERT INTO integer_archive(key, fix, value) VALUES(99, NOW() + interval '1386 millisecond', 34.24);
INSERT INTO integer_archive(key, fix, value) VALUES(100, NOW() + interval '1300 millisecond', 10.04);
INSERT INTO integer_archive(key, fix, value) VALUES(101, NOW() + interval '1010 millisecond', 94.42);
INSERT INTO integer_archive(key, fix, value) VALUES(102, NOW() + interval '204 millisecond', 69.86);
INSERT INTO integer_archive(key, fix, value) VALUES(103, NOW() + interval '1030 millisecond', 26.84);
INSERT INTO integer_archive(key, fix, value) VALUES(104, NOW() + interval '1456 millisecond', 92.53);
INSERT INTO integer_archive(key, fix, value) VALUES(105, NOW() + interval '1470 millisecond', 18.78);
INSERT INTO integer_archive(key, fix, value) VALUES(106, NOW() + interval '954 millisecond', 32.2);
INSERT INTO integer_archive(key, fix, value) VALUES(107, NOW() + interval '1177 millisecond', 17.71);
INSERT INTO integer_archive(key, fix, value) VALUES(108, NOW() + interval '1188 millisecond', 50.47);
INSERT INTO integer_archive(key, fix, value) VALUES(109, NOW() + interval '981 millisecond', 92.26);
INSERT INTO integer_archive(key, fix, value) VALUES(110, NOW() + interval '110 millisecond', 40.39);
INSERT INTO integer_archive(key, fix, value) VALUES(111, NOW() + interval '444 millisecond', 6.27);
INSERT INTO integer_archive(key, fix, value) VALUES(112, NOW() + interval '1008 millisecond', 80.7);
INSERT INTO integer_archive(key, fix, value) VALUES(113, NOW() + interval '1356 millisecond', 94.92);
INSERT INTO integer_archive(key, fix, value) VALUES(114, NOW() + interval '1596 millisecond', 19.55);
INSERT INTO integer_archive(key, fix, value) VALUES(115, NOW() + interval '920 millisecond', 21.3);
INSERT INTO integer_archive(key, fix, value) VALUES(116, NOW() + interval '812 millisecond', 81.81);
INSERT INTO integer_archive(key, fix, value) VALUES(117, NOW() + interval '1521 millisecond', 24.84);
INSERT INTO integer_archive(key, fix, value) VALUES(118, NOW() + interval '1062 millisecond', 93.9);
INSERT INTO integer_archive(key, fix, value) VALUES(119, NOW() + interval '714 millisecond', 58.42);
INSERT INTO integer_archive(key, fix, value) VALUES(120, NOW() + interval '840 millisecond', 12.19);
INSERT INTO integer_archive(key, fix, value) VALUES(121, NOW() + interval '484 millisecond', 20.83);
INSERT INTO integer_archive(key, fix, value) VALUES(122, NOW() + interval '1586 millisecond', 83.63);
INSERT INTO integer_archive(key, fix, value) VALUES(123, NOW() + interval '369 millisecond', 75.18);
INSERT INTO integer_archive(key, fix, value) VALUES(124, NOW() + interval '372 millisecond', 40.69);
INSERT INTO integer_archive(key, fix, value) VALUES(125, NOW() + interval '1750 millisecond', 90.16);
INSERT INTO integer_archive(key, fix, value) VALUES(126, NOW() + interval '630 millisecond', 8.19);
INSERT INTO integer_archive(key, fix, value) VALUES(127, NOW() + interval '635 millisecond', 52.33);
INSERT INTO integer_archive(key, fix, value) VALUES(128, NOW() + interval '1664 millisecond', 59.54);
INSERT INTO integer_archive(key, fix, value) VALUES(129, NOW() + interval '645 millisecond', 26.48);
INSERT INTO integer_archive(key, fix, value) VALUES(130, NOW() + interval '1690 millisecond', 69.97);
INSERT INTO integer_archive(key, fix, value) VALUES(131, NOW() + interval '655 millisecond', 79.21);
INSERT INTO integer_archive(key, fix, value) VALUES(132, NOW() + interval '924 millisecond', 76.98);
INSERT INTO integer_archive(key, fix, value) VALUES(133, NOW() + interval '1463 millisecond', 76.76);
INSERT INTO integer_archive(key, fix, value) VALUES(134, NOW() + interval '938 millisecond', 53.45);
INSERT INTO integer_archive(key, fix, value) VALUES(135, NOW() + interval '1215 millisecond', 81.02);
INSERT INTO integer_archive(key, fix, value) VALUES(136, NOW() + interval '408 millisecond', 3.65);
INSERT INTO integer_archive(key, fix, value) VALUES(137, NOW() + interval '959 millisecond', 89.52);
INSERT INTO integer_archive(key, fix, value) VALUES(138, NOW() + interval '414 millisecond', 2.44);
INSERT INTO integer_archive(key, fix, value) VALUES(139, NOW() + interval '417 millisecond', 78.1);
INSERT INTO integer_archive(key, fix, value) VALUES(140, NOW() + interval '1400 millisecond', 7.12);
INSERT INTO integer_archive(key, fix, value) VALUES(141, NOW() + interval '1692 millisecond', 57.77);
INSERT INTO integer_archive(key, fix, value) VALUES(142, NOW() + interval '568 millisecond', 61.17);
INSERT INTO integer_archive(key, fix, value) VALUES(143, NOW() + interval '1859 millisecond', 34.78);
INSERT INTO integer_archive(key, fix, value) VALUES(144, NOW() + interval '1152 millisecond', 35.94);
INSERT INTO integer_archive(key, fix, value) VALUES(145, NOW() + interval '870 millisecond', 1.83);
INSERT INTO integer_archive(key, fix, value) VALUES(146, NOW() + interval '1314 millisecond', 9.62);
INSERT INTO integer_archive(key, fix, value) VALUES(147, NOW() + interval '1470 millisecond', 76.77);
INSERT INTO integer_archive(key, fix, value) VALUES(148, NOW() + interval '1776 millisecond', 44.08);
INSERT INTO integer_archive(key, fix, value) VALUES(149, NOW() + interval '1788 millisecond', 15.29);
INSERT INTO integer_archive(key, fix, value) VALUES(150, NOW() + interval '300 millisecond', 36.92);
INSERT INTO integer_archive(key, fix, value) VALUES(151, NOW() + interval '755 millisecond', 59.76);
INSERT INTO integer_archive(key, fix, value) VALUES(152, NOW() + interval '1824 millisecond', 17.8);
INSERT INTO integer_archive(key, fix, value) VALUES(153, NOW() + interval '1683 millisecond', 27.71);
INSERT INTO integer_archive(key, fix, value) VALUES(154, NOW() + interval '1386 millisecond', 42.9);
INSERT INTO integer_archive(key, fix, value) VALUES(155, NOW() + interval '930 millisecond', 86.11);
INSERT INTO integer_archive(key, fix, value) VALUES(156, NOW() + interval '1092 millisecond', 54.49);
INSERT INTO integer_archive(key, fix, value) VALUES(157, NOW() + interval '1413 millisecond', 82.2);
INSERT INTO integer_archive(key, fix, value) VALUES(158, NOW() + interval '2054 millisecond', 70.5);
INSERT INTO integer_archive(key, fix, value) VALUES(159, NOW() + interval '1431 millisecond', 79.94);
INSERT INTO integer_archive(key, fix, value) VALUES(160, NOW() + interval '2080 millisecond', 42.79);
INSERT INTO integer_archive(key, fix, value) VALUES(161, NOW() + interval '805 millisecond', 9.77);
INSERT INTO integer_archive(key, fix, value) VALUES(162, NOW() + interval '486 millisecond', 56.29);
INSERT INTO integer_archive(key, fix, value) VALUES(163, NOW() + interval '652 millisecond', 8.39);
INSERT INTO integer_archive(key, fix, value) VALUES(164, NOW() + interval '984 millisecond', 68.63);
INSERT INTO integer_archive(key, fix, value) VALUES(165, NOW() + interval '330 millisecond', 72.93);
INSERT INTO integer_archive(key, fix, value) VALUES(166, NOW() + interval '664 millisecond', 98.62);
INSERT INTO integer_archive(key, fix, value) VALUES(167, NOW() + interval '1837 millisecond', 31.88);
INSERT INTO integer_archive(key, fix, value) VALUES(168, NOW() + interval '1848 millisecond', 23.73);
INSERT INTO integer_archive(key, fix, value) VALUES(169, NOW() + interval '1859 millisecond', 4.71);
INSERT INTO integer_archive(key, fix, value) VALUES(170, NOW() + interval '2210 millisecond', 64);
INSERT INTO integer_archive(key, fix, value) VALUES(171, NOW() + interval '1881 millisecond', 8.26);
INSERT INTO integer_archive(key, fix, value) VALUES(172, NOW() + interval '172 millisecond', 50.09);
INSERT INTO integer_archive(key, fix, value) VALUES(173, NOW() + interval '1384 millisecond', 8.6);
INSERT INTO integer_archive(key, fix, value) VALUES(174, NOW() + interval '1392 millisecond', 86.8);
INSERT INTO integer_archive(key, fix, value) VALUES(175, NOW() + interval '2275 millisecond', 13.32);
INSERT INTO integer_archive(key, fix, value) VALUES(176, NOW() + interval '2112 millisecond', 97.82);
INSERT INTO integer_archive(key, fix, value) VALUES(177, NOW() + interval '885 millisecond', 65.03);
INSERT INTO integer_archive(key, fix, value) VALUES(178, NOW() + interval '356 millisecond', 23.36);
INSERT INTO integer_archive(key, fix, value) VALUES(179, NOW() + interval '1253 millisecond', 28.06);
INSERT INTO integer_archive(key, fix, value) VALUES(180, NOW() + interval '2520 millisecond', 67.4);
INSERT INTO integer_archive(key, fix, value) VALUES(181, NOW() + interval '2534 millisecond', 92.17);
INSERT INTO integer_archive(key, fix, value) VALUES(182, NOW() + interval '1092 millisecond', 62.3);
INSERT INTO integer_archive(key, fix, value) VALUES(183, NOW() + interval '1830 millisecond', 46.92);
INSERT INTO integer_archive(key, fix, value) VALUES(184, NOW() + interval '2208 millisecond', 27.59);
INSERT INTO integer_archive(key, fix, value) VALUES(185, NOW() + interval '370 millisecond', 64.53);
INSERT INTO integer_archive(key, fix, value) VALUES(186, NOW() + interval '2604 millisecond', 55.64);
INSERT INTO integer_archive(key, fix, value) VALUES(187, NOW() + interval '2618 millisecond', 23.04);
INSERT INTO integer_archive(key, fix, value) VALUES(188, NOW() + interval '1880 millisecond', 20.98);
INSERT INTO integer_archive(key, fix, value) VALUES(189, NOW() + interval '378 millisecond', 67.06);
INSERT INTO integer_archive(key, fix, value) VALUES(190, NOW() + interval '190 millisecond', 12.97);
INSERT INTO integer_archive(key, fix, value) VALUES(191, NOW() + interval '1719 millisecond', 45.89);
INSERT INTO integer_archive(key, fix, value) VALUES(192, NOW() + interval '2304 millisecond', 94.16);
INSERT INTO integer_archive(key, fix, value) VALUES(193, NOW() + interval '2509 millisecond', 24.89);
INSERT INTO integer_archive(key, fix, value) VALUES(194, NOW() + interval '2134 millisecond', 7.01);
INSERT INTO integer_archive(key, fix, value) VALUES(195, NOW() + interval '780 millisecond', 52.41);
INSERT INTO integer_archive(key, fix, value) VALUES(196, NOW() + interval '2352 millisecond', 47.14);
INSERT INTO integer_archive(key, fix, value) VALUES(197, NOW() + interval '394 millisecond', 19.75);
INSERT INTO integer_archive(key, fix, value) VALUES(198, NOW() + interval '1980 millisecond', 79.83);
INSERT INTO integer_archive(key, fix, value) VALUES(199, NOW() + interval '2189 millisecond', 38.31);
INSERT INTO integer_archive(key, fix, value) VALUES(200, NOW() + interval '2400 millisecond', 9.27);
INSERT INTO integer_archive(key, fix, value) VALUES(201, NOW() + interval '804 millisecond', 24.33);
INSERT INTO integer_archive(key, fix, value) VALUES(202, NOW() + interval '2424 millisecond', 25.75);
INSERT INTO integer_archive(key, fix, value) VALUES(203, NOW() + interval '609 millisecond', 29.86);
INSERT INTO integer_archive(key, fix, value) VALUES(204, NOW() + interval '408 millisecond', 6.97);
INSERT INTO integer_archive(key, fix, value) VALUES(205, NOW() + interval '2870 millisecond', 88.46);
INSERT INTO integer_archive(key, fix, value) VALUES(206, NOW() + interval '618 millisecond', 75.45);
INSERT INTO integer_archive(key, fix, value) VALUES(207, NOW() + interval '1035 millisecond', 85.03);
INSERT INTO integer_archive(key, fix, value) VALUES(208, NOW() + interval '624 millisecond', 49.04);
INSERT INTO integer_archive(key, fix, value) VALUES(209, NOW() + interval '627 millisecond', 41.17);
INSERT INTO integer_archive(key, fix, value) VALUES(210, NOW() + interval '2310 millisecond', 40.28);
INSERT INTO integer_archive(key, fix, value) VALUES(211, NOW() + interval '2321 millisecond', 77.21);
INSERT INTO integer_archive(key, fix, value) VALUES(212, NOW() + interval '424 millisecond', 55.79);
INSERT INTO integer_archive(key, fix, value) VALUES(213, NOW() + interval '2556 millisecond', 49.93);
INSERT INTO integer_archive(key, fix, value) VALUES(214, NOW() + interval '1712 millisecond', 74.81);
INSERT INTO integer_archive(key, fix, value) VALUES(215, NOW() + interval '1720 millisecond', 88.98);
INSERT INTO integer_archive(key, fix, value) VALUES(216, NOW() + interval '1728 millisecond', 70.74);
INSERT INTO integer_archive(key, fix, value) VALUES(217, NOW() + interval '2604 millisecond', 92.6);
INSERT INTO integer_archive(key, fix, value) VALUES(218, NOW() + interval '2834 millisecond', 33.9);
INSERT INTO integer_archive(key, fix, value) VALUES(219, NOW() + interval '2190 millisecond', 54.37);
INSERT INTO integer_archive(key, fix, value) VALUES(220, NOW() + interval '2640 millisecond', 59.33);
INSERT INTO integer_archive(key, fix, value) VALUES(221, NOW() + interval '884 millisecond', 65.27);
INSERT INTO integer_archive(key, fix, value) VALUES(222, NOW() + interval '666 millisecond', 33.87);
INSERT INTO integer_archive(key, fix, value) VALUES(223, NOW() + interval '1338 millisecond', 5.66);
INSERT INTO integer_archive(key, fix, value) VALUES(224, NOW() + interval '896 millisecond', 21.57);
INSERT INTO integer_archive(key, fix, value) VALUES(225, NOW() + interval '450 millisecond', 21.8);
INSERT INTO integer_archive(key, fix, value) VALUES(226, NOW() + interval '2260 millisecond', 31.66);
INSERT INTO integer_archive(key, fix, value) VALUES(227, NOW() + interval '2270 millisecond', 46.42);
INSERT INTO integer_archive(key, fix, value) VALUES(228, NOW() + interval '1368 millisecond', 47.08);
INSERT INTO integer_archive(key, fix, value) VALUES(229, NOW() + interval '916 millisecond', 24.58);
INSERT INTO integer_archive(key, fix, value) VALUES(230, NOW() + interval '1610 millisecond', 66.21);
INSERT INTO integer_archive(key, fix, value) VALUES(231, NOW() + interval '2772 millisecond', 30.23);
INSERT INTO integer_archive(key, fix, value) VALUES(232, NOW() + interval '1856 millisecond', 7.13);
INSERT INTO integer_archive(key, fix, value) VALUES(233, NOW() + interval '1631 millisecond', 43.47);
INSERT INTO integer_archive(key, fix, value) VALUES(234, NOW() + interval '3276 millisecond', 33.49);
INSERT INTO integer_archive(key, fix, value) VALUES(235, NOW() + interval '3290 millisecond', 77.03);
INSERT INTO integer_archive(key, fix, value) VALUES(236, NOW() + interval '2832 millisecond', 59.46);
INSERT INTO integer_archive(key, fix, value) VALUES(237, NOW() + interval '2133 millisecond', 15.54);
INSERT INTO integer_archive(key, fix, value) VALUES(238, NOW() + interval '952 millisecond', 11.18);
INSERT INTO integer_archive(key, fix, value) VALUES(239, NOW() + interval '2390 millisecond', 71.29);
INSERT INTO integer_archive(key, fix, value) VALUES(240, NOW() + interval '720 millisecond', 79.53);
INSERT INTO integer_archive(key, fix, value) VALUES(241, NOW() + interval '1205 millisecond', 29.24);
INSERT INTO integer_archive(key, fix, value) VALUES(242, NOW() + interval '2420 millisecond', 32.17);
INSERT INTO integer_archive(key, fix, value) VALUES(243, NOW() + interval '972 millisecond', 18.27);
INSERT INTO integer_archive(key, fix, value) VALUES(244, NOW() + interval '488 millisecond', 35.72);
INSERT INTO integer_archive(key, fix, value) VALUES(245, NOW() + interval '2205 millisecond', 41.5);
INSERT INTO integer_archive(key, fix, value) VALUES(246, NOW() + interval '738 millisecond', 42.71);
INSERT INTO integer_archive(key, fix, value) VALUES(247, NOW() + interval '741 millisecond', 13.57);
INSERT INTO integer_archive(key, fix, value) VALUES(248, NOW() + interval '2976 millisecond', 89.53);
INSERT INTO integer_archive(key, fix, value) VALUES(249, NOW() + interval '747 millisecond', 5.54);
INSERT INTO integer_archive(key, fix, value) VALUES(250, NOW() + interval '3250 millisecond', 94.64);
INSERT INTO integer_archive(key, fix, value) VALUES(251, NOW() + interval '753 millisecond', 87.45);
INSERT INTO integer_archive(key, fix, value) VALUES(252, NOW() + interval '1008 millisecond', 31.69);
INSERT INTO integer_archive(key, fix, value) VALUES(253, NOW() + interval '1518 millisecond', 8.32);
INSERT INTO integer_archive(key, fix, value) VALUES(254, NOW() + interval '2540 millisecond', 49.67);
INSERT INTO integer_archive(key, fix, value) VALUES(1, NOW() + interval '5 millisecond', 23.4);
INSERT INTO integer_archive(key, fix, value) VALUES(2, NOW() + interval '24 millisecond', 47.79);
INSERT INTO integer_archive(key, fix, value) VALUES(3, NOW() + interval '6 millisecond', 60.94);
INSERT INTO integer_archive(key, fix, value) VALUES(4, NOW() + interval '24 millisecond', 51.59);
INSERT INTO integer_archive(key, fix, value) VALUES(5, NOW() + interval '45 millisecond', 22.6);
INSERT INTO integer_archive(key, fix, value) VALUES(6, NOW() + interval '72 millisecond', 23.91);
INSERT INTO integer_archive(key, fix, value) VALUES(7, NOW() + interval '42 millisecond', 59.38);
INSERT INTO integer_archive(key, fix, value) VALUES(8, NOW() + interval '88 millisecond', 56.72);
INSERT INTO integer_archive(key, fix, value) VALUES(9, NOW() + interval '81 millisecond', 40.81);
INSERT INTO integer_archive(key, fix, value) VALUES(10, NOW() + interval '70 millisecond', 49.6);
INSERT INTO integer_archive(key, fix, value) VALUES(11, NOW() + interval '66 millisecond', 30.9);
INSERT INTO integer_archive(key, fix, value) VALUES(12, NOW() + interval '168 millisecond', 62.65);
INSERT INTO integer_archive(key, fix, value) VALUES(13, NOW() + interval '156 millisecond', 22.93);
INSERT INTO integer_archive(key, fix, value) VALUES(14, NOW() + interval '140 millisecond', 41.44);
INSERT INTO integer_archive(key, fix, value) VALUES(15, NOW() + interval '30 millisecond', 36.17);
INSERT INTO integer_archive(key, fix, value) VALUES(16, NOW() + interval '208 millisecond', 16.53);
INSERT INTO integer_archive(key, fix, value) VALUES(17, NOW() + interval '136 millisecond', 57.63);
INSERT INTO integer_archive(key, fix, value) VALUES(18, NOW() + interval '36 millisecond', 38.26);
INSERT INTO integer_archive(key, fix, value) VALUES(19, NOW() + interval '171 millisecond', 66.94);
INSERT INTO integer_archive(key, fix, value) VALUES(20, NOW() + interval '120 millisecond', 52.87);
INSERT INTO integer_archive(key, fix, value) VALUES(21, NOW() + interval '231 millisecond', 28.68);
INSERT INTO integer_archive(key, fix, value) VALUES(22, NOW() + interval '110 millisecond', 89.66);
INSERT INTO integer_archive(key, fix, value) VALUES(23, NOW() + interval '92 millisecond', 69.56);
INSERT INTO integer_archive(key, fix, value) VALUES(24, NOW() + interval '216 millisecond', 51.09);
INSERT INTO integer_archive(key, fix, value) VALUES(25, NOW() + interval '75 millisecond', 66.53);
INSERT INTO integer_archive(key, fix, value) VALUES(26, NOW() + interval '260 millisecond', 97.37);
INSERT INTO integer_archive(key, fix, value) VALUES(27, NOW() + interval '243 millisecond', 20.67);
INSERT INTO integer_archive(key, fix, value) VALUES(28, NOW() + interval '84 millisecond', 94.99);
INSERT INTO integer_archive(key, fix, value) VALUES(29, NOW() + interval '116 millisecond', 18.02);
INSERT INTO integer_archive(key, fix, value) VALUES(30, NOW() + interval '300 millisecond', 83.98);
INSERT INTO integer_archive(key, fix, value) VALUES(31, NOW() + interval '403 millisecond', 95.78);
INSERT INTO integer_archive(key, fix, value) VALUES(32, NOW() + interval '224 millisecond', 27.97);
INSERT INTO integer_archive(key, fix, value) VALUES(33, NOW() + interval '165 millisecond', 67.53);
INSERT INTO integer_archive(key, fix, value) VALUES(34, NOW() + interval '374 millisecond', 78.44);
INSERT INTO integer_archive(key, fix, value) VALUES(35, NOW() + interval '280 millisecond', 35.35);
INSERT INTO integer_archive(key, fix, value) VALUES(36, NOW() + interval '504 millisecond', 95.26);
INSERT INTO integer_archive(key, fix, value) VALUES(37, NOW() + interval '74 millisecond', 92.69);
INSERT INTO integer_archive(key, fix, value) VALUES(38, NOW() + interval '418 millisecond', 8.37);
INSERT INTO integer_archive(key, fix, value) VALUES(39, NOW() + interval '78 millisecond', 9.15);
INSERT INTO integer_archive(key, fix, value) VALUES(40, NOW() + interval '280 millisecond', 10.04);
INSERT INTO integer_archive(key, fix, value) VALUES(41, NOW() + interval '369 millisecond', 19.74);
INSERT INTO integer_archive(key, fix, value) VALUES(42, NOW() + interval '210 millisecond', 39.36);
INSERT INTO integer_archive(key, fix, value) VALUES(43, NOW() + interval '430 millisecond', 94.65);
INSERT INTO integer_archive(key, fix, value) VALUES(44, NOW() + interval '352 millisecond', 29.11);
INSERT INTO integer_archive(key, fix, value) VALUES(45, NOW() + interval '315 millisecond', 14.74);
INSERT INTO integer_archive(key, fix, value) VALUES(46, NOW() + interval '138 millisecond', 44.59);
INSERT INTO integer_archive(key, fix, value) VALUES(47, NOW() + interval '658 millisecond', 51.72);
INSERT INTO integer_archive(key, fix, value) VALUES(48, NOW() + interval '432 millisecond', 78.59);
INSERT INTO integer_archive(key, fix, value) VALUES(49, NOW() + interval '588 millisecond', 99.2);
INSERT INTO integer_archive(key, fix, value) VALUES(50, NOW() + interval '450 millisecond', 53.85);
INSERT INTO integer_archive(key, fix, value) VALUES(51, NOW() + interval '714 millisecond', 80.04);
INSERT INTO integer_archive(key, fix, value) VALUES(52, NOW() + interval '52 millisecond', 80.27);
INSERT INTO integer_archive(key, fix, value) VALUES(53, NOW() + interval '583 millisecond', 72.26);
INSERT INTO integer_archive(key, fix, value) VALUES(54, NOW() + interval '702 millisecond', 68.11);
INSERT INTO integer_archive(key, fix, value) VALUES(55, NOW() + interval '385 millisecond', 7.9);
INSERT INTO integer_archive(key, fix, value) VALUES(56, NOW() + interval '728 millisecond', 17.2);
INSERT INTO integer_archive(key, fix, value) VALUES(57, NOW() + interval '627 millisecond', 59.93);
INSERT INTO integer_archive(key, fix, value) VALUES(58, NOW() + interval '232 millisecond', 72.13);
INSERT INTO integer_archive(key, fix, value) VALUES(59, NOW() + interval '590 millisecond', 8.12);
INSERT INTO integer_archive(key, fix, value) VALUES(60, NOW() + interval '540 millisecond', 33.96);
INSERT INTO integer_archive(key, fix, value) VALUES(61, NOW() + interval '183 millisecond', 46.78);
INSERT INTO integer_archive(key, fix, value) VALUES(62, NOW() + interval '372 millisecond', 36.68);
INSERT INTO integer_archive(key, fix, value) VALUES(63, NOW() + interval '252 millisecond', 51.29);
INSERT INTO integer_archive(key, fix, value) VALUES(64, NOW() + interval '896 millisecond', 53.29);
INSERT INTO integer_archive(key, fix, value) VALUES(65, NOW() + interval '325 millisecond', 94.66);
INSERT INTO integer_archive(key, fix, value) VALUES(66, NOW() + interval '330 millisecond', 4.44);
INSERT INTO integer_archive(key, fix, value) VALUES(67, NOW() + interval '469 millisecond', 87.31);
INSERT INTO integer_archive(key, fix, value) VALUES(68, NOW() + interval '204 millisecond', 82.44);
INSERT INTO integer_archive(key, fix, value) VALUES(69, NOW() + interval '276 millisecond', 45.45);
INSERT INTO integer_archive(key, fix, value) VALUES(70, NOW() + interval '700 millisecond', 94.42);
INSERT INTO integer_archive(key, fix, value) VALUES(71, NOW() + interval '71 millisecond', 85.65);
INSERT INTO integer_archive(key, fix, value) VALUES(72, NOW() + interval '864 millisecond', 37.11);
INSERT INTO integer_archive(key, fix, value) VALUES(73, NOW() + interval '292 millisecond', 96.47);
INSERT INTO integer_archive(key, fix, value) VALUES(74, NOW() + interval '740 millisecond', 38.81);
INSERT INTO integer_archive(key, fix, value) VALUES(75, NOW() + interval '375 millisecond', 88.76);
INSERT INTO integer_archive(key, fix, value) VALUES(76, NOW() + interval '152 millisecond', 74.86);
INSERT INTO integer_archive(key, fix, value) VALUES(77, NOW() + interval '462 millisecond', 28.87);
INSERT INTO integer_archive(key, fix, value) VALUES(78, NOW() + interval '546 millisecond', 48.65);
INSERT INTO integer_archive(key, fix, value) VALUES(79, NOW() + interval '553 millisecond', 64.76);
INSERT INTO integer_archive(key, fix, value) VALUES(80, NOW() + interval '720 millisecond', 21.13);
INSERT INTO integer_archive(key, fix, value) VALUES(81, NOW() + interval '891 millisecond', 40.83);
INSERT INTO integer_archive(key, fix, value) VALUES(82, NOW() + interval '492 millisecond', 50.78);
INSERT INTO integer_archive(key, fix, value) VALUES(83, NOW() + interval '996 millisecond', 88.68);
INSERT INTO integer_archive(key, fix, value) VALUES(84, NOW() + interval '840 millisecond', 87.57);
INSERT INTO integer_archive(key, fix, value) VALUES(85, NOW() + interval '595 millisecond', 38.95);
INSERT INTO integer_archive(key, fix, value) VALUES(86, NOW() + interval '688 millisecond', 26.39);
INSERT INTO integer_archive(key, fix, value) VALUES(87, NOW() + interval '522 millisecond', 64.89);
INSERT INTO integer_archive(key, fix, value) VALUES(88, NOW() + interval '440 millisecond', 28.02);
INSERT INTO integer_archive(key, fix, value) VALUES(89, NOW() + interval '890 millisecond', 98.09);
INSERT INTO integer_archive(key, fix, value) VALUES(90, NOW() + interval '270 millisecond', 25.1);
INSERT INTO integer_archive(key, fix, value) VALUES(91, NOW() + interval '1092 millisecond', 59.48);
INSERT INTO integer_archive(key, fix, value) VALUES(92, NOW() + interval '368 millisecond', 42.93);
INSERT INTO integer_archive(key, fix, value) VALUES(93, NOW() + interval '1209 millisecond', 50.43);
INSERT INTO integer_archive(key, fix, value) VALUES(94, NOW() + interval '940 millisecond', 19.24);
INSERT INTO integer_archive(key, fix, value) VALUES(95, NOW() + interval '665 millisecond', 65.86);
INSERT INTO integer_archive(key, fix, value) VALUES(96, NOW() + interval '576 millisecond', 53.45);
INSERT INTO integer_archive(key, fix, value) VALUES(97, NOW() + interval '1164 millisecond', 47.57);
INSERT INTO integer_archive(key, fix, value) VALUES(98, NOW() + interval '392 millisecond', 61.47);
INSERT INTO integer_archive(key, fix, value) VALUES(99, NOW() + interval '792 millisecond', 32.79);
INSERT INTO integer_archive(key, fix, value) VALUES(100, NOW() + interval '800 millisecond', 32.84);
INSERT INTO integer_archive(key, fix, value) VALUES(101, NOW() + interval '505 millisecond', 80.16);
INSERT INTO integer_archive(key, fix, value) VALUES(102, NOW() + interval '1326 millisecond', 91.27);
INSERT INTO integer_archive(key, fix, value) VALUES(103, NOW() + interval '618 millisecond', 82.13);
INSERT INTO integer_archive(key, fix, value) VALUES(104, NOW() + interval '624 millisecond', 74.89);
INSERT INTO integer_archive(key, fix, value) VALUES(105, NOW() + interval '1470 millisecond', 13.94);
INSERT INTO integer_archive(key, fix, value) VALUES(106, NOW() + interval '1272 millisecond', 46.65);
INSERT INTO integer_archive(key, fix, value) VALUES(107, NOW() + interval '856 millisecond', 35.36);
INSERT INTO integer_archive(key, fix, value) VALUES(108, NOW() + interval '648 millisecond', 16.26);
INSERT INTO integer_archive(key, fix, value) VALUES(109, NOW() + interval '436 millisecond', 93.38);
INSERT INTO integer_archive(key, fix, value) VALUES(110, NOW() + interval '1100 millisecond', 32.07);
INSERT INTO integer_archive(key, fix, value) VALUES(111, NOW() + interval '555 millisecond', 51.64);
INSERT INTO integer_archive(key, fix, value) VALUES(112, NOW() + interval '784 millisecond', 79.47);
INSERT INTO integer_archive(key, fix, value) VALUES(113, NOW() + interval '113 millisecond', 2.24);
INSERT INTO integer_archive(key, fix, value) VALUES(114, NOW() + interval '684 millisecond', 91.74);
INSERT INTO integer_archive(key, fix, value) VALUES(115, NOW() + interval '805 millisecond', 70.09);
INSERT INTO integer_archive(key, fix, value) VALUES(116, NOW() + interval '1276 millisecond', 32.19);
INSERT INTO integer_archive(key, fix, value) VALUES(117, NOW() + interval '819 millisecond', 82.22);
INSERT INTO integer_archive(key, fix, value) VALUES(118, NOW() + interval '1652 millisecond', 3.29);
INSERT INTO integer_archive(key, fix, value) VALUES(119, NOW() + interval '1190 millisecond', 31.69);
INSERT INTO integer_archive(key, fix, value) VALUES(120, NOW() + interval '240 millisecond', 5.78);
INSERT INTO integer_archive(key, fix, value) VALUES(121, NOW() + interval '363 millisecond', 87.8);
INSERT INTO integer_archive(key, fix, value) VALUES(122, NOW() + interval '488 millisecond', 35.06);
INSERT INTO integer_archive(key, fix, value) VALUES(123, NOW() + interval '1476 millisecond', 90.95);
INSERT INTO integer_archive(key, fix, value) VALUES(124, NOW() + interval '248 millisecond', 51.39);
INSERT INTO integer_archive(key, fix, value) VALUES(125, NOW() + interval '250 millisecond', 6.07);
INSERT INTO integer_archive(key, fix, value) VALUES(126, NOW() + interval '882 millisecond', 55.86);
INSERT INTO integer_archive(key, fix, value) VALUES(127, NOW() + interval '1270 millisecond', 24.3);
INSERT INTO integer_archive(key, fix, value) VALUES(128, NOW() + interval '256 millisecond', 75.74);
INSERT INTO integer_archive(key, fix, value) VALUES(129, NOW() + interval '774 millisecond', 13.92);
INSERT INTO integer_archive(key, fix, value) VALUES(130, NOW() + interval '1690 millisecond', 34.47);
INSERT INTO integer_archive(key, fix, value) VALUES(131, NOW() + interval '917 millisecond', 43.7);
INSERT INTO integer_archive(key, fix, value) VALUES(132, NOW() + interval '660 millisecond', 27.11);
INSERT INTO integer_archive(key, fix, value) VALUES(133, NOW() + interval '798 millisecond', 53.25);
INSERT INTO integer_archive(key, fix, value) VALUES(134, NOW() + interval '268 millisecond', 67.38);
INSERT INTO integer_archive(key, fix, value) VALUES(135, NOW() + interval '810 millisecond', 36.15);
INSERT INTO integer_archive(key, fix, value) VALUES(136, NOW() + interval '1088 millisecond', 86.07);
INSERT INTO integer_archive(key, fix, value) VALUES(137, NOW() + interval '1781 millisecond', 58.86);
INSERT INTO integer_archive(key, fix, value) VALUES(138, NOW() + interval '414 millisecond', 38.09);
INSERT INTO integer_archive(key, fix, value) VALUES(139, NOW() + interval '695 millisecond', 7.15);
INSERT INTO integer_archive(key, fix, value) VALUES(140, NOW() + interval '1960 millisecond', 10.3);
INSERT INTO integer_archive(key, fix, value) VALUES(141, NOW() + interval '1974 millisecond', 88.14);
INSERT INTO integer_archive(key, fix, value) VALUES(142, NOW() + interval '1704 millisecond', 40.14);
INSERT INTO integer_archive(key, fix, value) VALUES(143, NOW() + interval '715 millisecond', 22.81);
INSERT INTO integer_archive(key, fix, value) VALUES(144, NOW() + interval '1296 millisecond', 21.07);
INSERT INTO integer_archive(key, fix, value) VALUES(145, NOW() + interval '1595 millisecond', 21.89);
INSERT INTO integer_archive(key, fix, value) VALUES(146, NOW() + interval '1314 millisecond', 53.94);
INSERT INTO integer_archive(key, fix, value) VALUES(147, NOW() + interval '882 millisecond', 73.53);
INSERT INTO integer_archive(key, fix, value) VALUES(148, NOW() + interval '1332 millisecond', 71.19);
INSERT INTO integer_archive(key, fix, value) VALUES(149, NOW() + interval '1341 millisecond', 94.82);
INSERT INTO integer_archive(key, fix, value) VALUES(150, NOW() + interval '2100 millisecond', 28.95);
INSERT INTO integer_archive(key, fix, value) VALUES(151, NOW() + interval '1963 millisecond', 36.38);
INSERT INTO integer_archive(key, fix, value) VALUES(152, NOW() + interval '456 millisecond', 73.74);
INSERT INTO integer_archive(key, fix, value) VALUES(153, NOW() + interval '1377 millisecond', 57.54);
INSERT INTO integer_archive(key, fix, value) VALUES(154, NOW() + interval '1540 millisecond', 11.07);
INSERT INTO integer_archive(key, fix, value) VALUES(155, NOW() + interval '310 millisecond', 68.77);
INSERT INTO integer_archive(key, fix, value) VALUES(156, NOW() + interval '1092 millisecond', 34.45);
INSERT INTO integer_archive(key, fix, value) VALUES(157, NOW() + interval '471 millisecond', 81.49);
INSERT INTO integer_archive(key, fix, value) VALUES(158, NOW() + interval '948 millisecond', 54.36);
INSERT INTO integer_archive(key, fix, value) VALUES(159, NOW() + interval '1431 millisecond', 90.32);
INSERT INTO integer_archive(key, fix, value) VALUES(160, NOW() + interval '160 millisecond', 14.22);
INSERT INTO integer_archive(key, fix, value) VALUES(161, NOW() + interval '2093 millisecond', 81.99);
INSERT INTO integer_archive(key, fix, value) VALUES(162, NOW() + interval '2106 millisecond', 17.61);
INSERT INTO integer_archive(key, fix, value) VALUES(163, NOW() + interval '1793 millisecond', 94.36);
INSERT INTO integer_archive(key, fix, value) VALUES(164, NOW() + interval '1148 millisecond', 13.62);
INSERT INTO integer_archive(key, fix, value) VALUES(165, NOW() + interval '2310 millisecond', 45.9);
INSERT INTO integer_archive(key, fix, value) VALUES(166, NOW() + interval '1992 millisecond', 34.79);
INSERT INTO integer_archive(key, fix, value) VALUES(167, NOW() + interval '334 millisecond', 70.1);
INSERT INTO integer_archive(key, fix, value) VALUES(168, NOW() + interval '672 millisecond', 62.01);
INSERT INTO integer_archive(key, fix, value) VALUES(169, NOW() + interval '1859 millisecond', 9.87);
INSERT INTO integer_archive(key, fix, value) VALUES(170, NOW() + interval '2040 millisecond', 68.84);
INSERT INTO integer_archive(key, fix, value) VALUES(171, NOW() + interval '1368 millisecond', 52.96);
INSERT INTO integer_archive(key, fix, value) VALUES(172, NOW() + interval '516 millisecond', 8.36);
INSERT INTO integer_archive(key, fix, value) VALUES(173, NOW() + interval '1903 millisecond', 29.02);
INSERT INTO integer_archive(key, fix, value) VALUES(174, NOW() + interval '1044 millisecond', 58.31);
INSERT INTO integer_archive(key, fix, value) VALUES(175, NOW() + interval '1050 millisecond', 8.82);
INSERT INTO integer_archive(key, fix, value) VALUES(176, NOW() + interval '528 millisecond', 66.91);
INSERT INTO integer_archive(key, fix, value) VALUES(177, NOW() + interval '2478 millisecond', 85.58);
INSERT INTO integer_archive(key, fix, value) VALUES(178, NOW() + interval '1068 millisecond', 7.68);
INSERT INTO integer_archive(key, fix, value) VALUES(179, NOW() + interval '1253 millisecond', 96.05);
INSERT INTO integer_archive(key, fix, value) VALUES(180, NOW() + interval '180 millisecond', 61.44);
INSERT INTO integer_archive(key, fix, value) VALUES(181, NOW() + interval '543 millisecond', 56.86);
INSERT INTO integer_archive(key, fix, value) VALUES(182, NOW() + interval '546 millisecond', 61.21);
INSERT INTO integer_archive(key, fix, value) VALUES(183, NOW() + interval '2379 millisecond', 13.11);
INSERT INTO integer_archive(key, fix, value) VALUES(184, NOW() + interval '920 millisecond', 44.67);
INSERT INTO integer_archive(key, fix, value) VALUES(185, NOW() + interval '1665 millisecond', 73.97);
INSERT INTO integer_archive(key, fix, value) VALUES(186, NOW() + interval '2232 millisecond', 52);
INSERT INTO integer_archive(key, fix, value) VALUES(187, NOW() + interval '374 millisecond', 31.78);
INSERT INTO integer_archive(key, fix, value) VALUES(188, NOW() + interval '1692 millisecond', 38.03);
INSERT INTO integer_archive(key, fix, value) VALUES(189, NOW() + interval '1890 millisecond', 83.65);
INSERT INTO integer_archive(key, fix, value) VALUES(190, NOW() + interval '1330 millisecond', 45.43);
INSERT INTO integer_archive(key, fix, value) VALUES(191, NOW() + interval '1719 millisecond', 87.85);
INSERT INTO integer_archive(key, fix, value) VALUES(192, NOW() + interval '2112 millisecond', 88.62);
INSERT INTO integer_archive(key, fix, value) VALUES(193, NOW() + interval '1158 millisecond', 13.84);
INSERT INTO integer_archive(key, fix, value) VALUES(194, NOW() + interval '1164 millisecond', 21.67);
INSERT INTO integer_archive(key, fix, value) VALUES(195, NOW() + interval '975 millisecond', 14.72);
INSERT INTO integer_archive(key, fix, value) VALUES(196, NOW() + interval '784 millisecond', 78.33);
INSERT INTO integer_archive(key, fix, value) VALUES(197, NOW() + interval '394 millisecond', 22.8);
INSERT INTO integer_archive(key, fix, value) VALUES(198, NOW() + interval '1782 millisecond', 95.38);
INSERT INTO integer_archive(key, fix, value) VALUES(199, NOW() + interval '1194 millisecond', 52.64);
INSERT INTO integer_archive(key, fix, value) VALUES(200, NOW() + interval '800 millisecond', 62.65);
INSERT INTO integer_archive(key, fix, value) VALUES(201, NOW() + interval '201 millisecond', 94.4);
INSERT INTO integer_archive(key, fix, value) VALUES(202, NOW() + interval '2828 millisecond', 63.48);
INSERT INTO integer_archive(key, fix, value) VALUES(203, NOW() + interval '1015 millisecond', 59.1);
INSERT INTO integer_archive(key, fix, value) VALUES(204, NOW() + interval '1836 millisecond', 64.17);
INSERT INTO integer_archive(key, fix, value) VALUES(205, NOW() + interval '1025 millisecond', 1.71);
INSERT INTO integer_archive(key, fix, value) VALUES(206, NOW() + interval '1236 millisecond', 60.61);
INSERT INTO integer_archive(key, fix, value) VALUES(207, NOW() + interval '1656 millisecond', 55.62);
INSERT INTO integer_archive(key, fix, value) VALUES(208, NOW() + interval '416 millisecond', 23.42);
INSERT INTO integer_archive(key, fix, value) VALUES(209, NOW() + interval '2508 millisecond', 24.9);
INSERT INTO integer_archive(key, fix, value) VALUES(210, NOW() + interval '1050 millisecond', 75.95);
INSERT INTO integer_archive(key, fix, value) VALUES(211, NOW() + interval '2321 millisecond', 7.29);
INSERT INTO integer_archive(key, fix, value) VALUES(212, NOW() + interval '636 millisecond', 48.01);
INSERT INTO integer_archive(key, fix, value) VALUES(213, NOW() + interval '1917 millisecond', 1.54);
INSERT INTO integer_archive(key, fix, value) VALUES(214, NOW() + interval '1498 millisecond', 85.06);
INSERT INTO integer_archive(key, fix, value) VALUES(215, NOW() + interval '2365 millisecond', 64.64);
INSERT INTO integer_archive(key, fix, value) VALUES(216, NOW() + interval '3024 millisecond', 17.25);
INSERT INTO integer_archive(key, fix, value) VALUES(217, NOW() + interval '2170 millisecond', 79.09);
INSERT INTO integer_archive(key, fix, value) VALUES(218, NOW() + interval '1526 millisecond', 60.78);
INSERT INTO integer_archive(key, fix, value) VALUES(219, NOW() + interval '2847 millisecond', 12.59);
INSERT INTO integer_archive(key, fix, value) VALUES(220, NOW() + interval '1980 millisecond', 75.61);
INSERT INTO integer_archive(key, fix, value) VALUES(221, NOW() + interval '1768 millisecond', 74.55);
INSERT INTO integer_archive(key, fix, value) VALUES(222, NOW() + interval '3108 millisecond', 32.31);
INSERT INTO integer_archive(key, fix, value) VALUES(223, NOW() + interval '2453 millisecond', 57.03);
INSERT INTO integer_archive(key, fix, value) VALUES(224, NOW() + interval '896 millisecond', 53.09);
INSERT INTO integer_archive(key, fix, value) VALUES(225, NOW() + interval '675 millisecond', 35.92);
INSERT INTO integer_archive(key, fix, value) VALUES(226, NOW() + interval '678 millisecond', 16.32);
INSERT INTO integer_archive(key, fix, value) VALUES(227, NOW() + interval '1135 millisecond', 42.53);
INSERT INTO integer_archive(key, fix, value) VALUES(228, NOW() + interval '2964 millisecond', 94.53);
INSERT INTO integer_archive(key, fix, value) VALUES(229, NOW() + interval '2748 millisecond', 49.35);
INSERT INTO integer_archive(key, fix, value) VALUES(230, NOW() + interval '460 millisecond', 29.19);
INSERT INTO integer_archive(key, fix, value) VALUES(231, NOW() + interval '693 millisecond', 73.9);
INSERT INTO integer_archive(key, fix, value) VALUES(232, NOW() + interval '3016 millisecond', 60.83);
INSERT INTO integer_archive(key, fix, value) VALUES(233, NOW() + interval '466 millisecond', 22.3);
INSERT INTO integer_archive(key, fix, value) VALUES(234, NOW() + interval '3276 millisecond', 75.11);
INSERT INTO integer_archive(key, fix, value) VALUES(235, NOW() + interval '705 millisecond', 45.37);
INSERT INTO integer_archive(key, fix, value) VALUES(236, NOW() + interval '1180 millisecond', 69.97);
INSERT INTO integer_archive(key, fix, value) VALUES(237, NOW() + interval '2370 millisecond', 50.8);
INSERT INTO integer_archive(key, fix, value) VALUES(238, NOW() + interval '952 millisecond', 97.86);
INSERT INTO integer_archive(key, fix, value) VALUES(239, NOW() + interval '717 millisecond', 80.12);
INSERT INTO integer_archive(key, fix, value) VALUES(240, NOW() + interval '2640 millisecond', 99.2);
INSERT INTO integer_archive(key, fix, value) VALUES(241, NOW() + interval '2651 millisecond', 90.1);
INSERT INTO integer_archive(key, fix, value) VALUES(242, NOW() + interval '2420 millisecond', 38.3);
INSERT INTO integer_archive(key, fix, value) VALUES(243, NOW() + interval '1944 millisecond', 82.27);
INSERT INTO integer_archive(key, fix, value) VALUES(244, NOW() + interval '3172 millisecond', 24.42);
INSERT INTO integer_archive(key, fix, value) VALUES(245, NOW() + interval '3185 millisecond', 48.97);
INSERT INTO integer_archive(key, fix, value) VALUES(246, NOW() + interval '2706 millisecond', 42.92);
INSERT INTO integer_archive(key, fix, value) VALUES(247, NOW() + interval '494 millisecond', 32.36);
INSERT INTO integer_archive(key, fix, value) VALUES(248, NOW() + interval '2232 millisecond', 79.01);
INSERT INTO integer_archive(key, fix, value) VALUES(249, NOW() + interval '2988 millisecond', 35.28);
INSERT INTO integer_archive(key, fix, value) VALUES(250, NOW() + interval '1250 millisecond', 54.64);
INSERT INTO integer_archive(key, fix, value) VALUES(251, NOW() + interval '2259 millisecond', 48.91);
INSERT INTO integer_archive(key, fix, value) VALUES(252, NOW() + interval '1764 millisecond', 71.17);
INSERT INTO integer_archive(key, fix, value) VALUES(253, NOW() + interval '506 millisecond', 44.63);
INSERT INTO integer_archive(key, fix, value) VALUES(254, NOW() + interval '2032 millisecond', 75.33);
